name,address,state,postcode,gender,consumer_id
Michele Chapman,040 Seth Mount Apt. 330,WA,6161,Female,601331
Duane Shaffer,1052 Kelly Mission,SA,5001,Male,1338969
Robert Carson,07987 Garcia Station Suite 572,QLD,4878,Male,73473
Sara Nichols,10317 Pruitt Crossing Apt. 315,NSW,2645,Female,418600
Alyssa Duran,97834 Knox Forge Apt. 076,QLD,4514,Female,1140033
David Morris,8525 Montgomery Isle,SA,5271,Male,19910
Lisa Vaughn,8079 Derrick Lake,ACT,2601,Female,304473
John Jensen,56589 Davis Burgs Apt. 075,NSW,2864,Male,389836
Nicole Ayala,8212 Kane Crescent Apt. 682,NSW,1710,Female,1455217
Stephen Bray,617 Megan Dam Suite 316,VIC,3336,Undisclosed,167325
Leslie Gray,34944 Rhonda Springs Suite 895,NSW,2196,Female,889993
Zachary Bailey,4011 Ortiz Square,NSW,2106,Male,107391
Sheryl Huang Jr.,028 Juan Groves Suite 090,SA,5462,Undisclosed,1124213
Kathryn Bryan,22216 Burns Extensions,NSW,2285,Female,671853
Holly Wade,472 Lauren Harbor Apt. 715,NSW,2406,Female,26194
Jimmy Boyd,6141 Angie Fort Suite 611,QLD,4410,Male,867600
Angela Finley,59210 Hart Plain,VIC,3665,Female,1092074
John Coleman,148 Jefferson Lodge Apt. 447,WA,6473,Male,439520
David Sullivan,7865 Simmons Trace Suite 552,NSW,2365,Male,1037405
Todd Lowe,6598 Jessica Flats Suite 562,SA,5010,Male,668919
Scott Riley,81775 Cohen Via Suite 935,NSW,2337,Undisclosed,117975
Lisa Webb,0631 Garrison Cove Suite 556,SA,5083,Female,1372011
Shawn Salazar,451 Vance Walks Suite 936,VIC,3612,Male,317926
Angela Olson,332 Megan Passage Suite 283,WA,6159,Female,1337668
Robert Porter,047 Lewis Junctions Apt. 746,WA,6843,Male,334378
Logan Chambers,92047 Kara Springs,ACT,200,Undisclosed,386688
Rebecca Brooks,98155 Bryan Bypass,TAS,7291,Undisclosed,1473450
Anna Diaz,920 Marcia Locks,WA,6640,Female,1153598
James Johnson,300 Boyer Club,VIC,3058,Male,837046
Bethany Lam,9803 Victoria Parks,WA,6503,Undisclosed,251280
Julie Murray,936 Sabrina Flats,VIC,3552,Female,1298533
Emily Sanders,7516 Porter Lane,NSW,2732,Female,821646
Dawn Fisher,2296 Compton Valley Apt. 005,QLD,4621,Female,1253311
Tonya Young,29617 Julie Wells,QLD,4003,Female,25633
James Stevens,8920 Cook Grove Apt. 086,VIC,3700,Male,482306
Lisa Ross,83088 Cody Ford,NSW,2203,Female,381456
Reginald Miller,9370 Maurice Streets Apt. 576,SA,5034,Male,1086316
Elizabeth Villa,587 Rebecca Fork Suite 345,WA,6507,Female,1478392
Sandra Baker,8125 Martinez Views,VIC,3853,Female,1292531
Christopher Ferguson,680 Torres Grove Suite 754,VIC,3145,Undisclosed,275453
Justin Hernandez,0141 Virginia Crossing,VIC,3250,Male,85493
Barry Schultz,13100 Jacqueline Road,NSW,1422,Male,334846
Heather Davenport,9002 Wise Cove,QLD,4885,Female,346109
Rita Carney,46831 Debbie Centers,WA,6055,Female,1127826
Sarah Butler,083 Brandon Overpass Apt. 730,NSW,2265,Female,186301
Erin Mccarthy,132 Eric Plaza Apt. 543,QLD,4819,Female,1135256
Susan Hancock,50219 Mendoza Shoal,WA,6521,Female,1022847
Lisa Daniels,16197 Clark Station Apt. 189,NSW,2345,Female,172119
Matthew Williams,9877 Mendez Port Suite 676,SA,5047,Male,45392
Margaret Henry,75572 Kelly Plains Apt. 729,SA,5025,Undisclosed,722259
Bryan Perez,128 Valencia Ville,NSW,1236,Male,1076103
Caitlin Sweeney,032 Wilson Extensions,VIC,3093,Female,99035
Christopher Cummings,0977 Brian Tunnel,NSW,1420,Male,878169
Sarah Jones,609 Ellis Manor Apt. 071,VIC,3379,Undisclosed,101942
Stephanie Harrison,2767 Sandra Meadows,QLD,4676,Female,1081007
Jerry Stevenson,494 Reese Creek Apt. 635,WA,6405,Male,560485
Cindy Aguilar,262 Jason Cape Suite 857,QLD,4561,Female,1407153
Michael Freeman,76902 Duran Overpass,NSW,2702,Male,789236
Sandra Foster,231 Mitchell Streets Apt. 797,QLD,4741,Female,223521
William Lopez,2979 Sanders Land Apt. 845,SA,5560,Male,966118
Anthony Curtis,30464 Lisa Walks,QLD,4875,Male,922492
Peter Davis,18744 Duncan Lodge,NT,838,Male,1113328
Veronica Williams,798 Jamie Landing Apt. 820,VIC,3385,Female,676035
Kristen Thompson,81611 William Turnpike Apt. 656,QLD,4480,Female,1201713
Dustin Berry,0773 Shane Stream Apt. 359,SA,5050,Male,674046
Cheryl Velazquez,03870 Reilly Parkways,NSW,2539,Female,609045
Brandon Rodriguez,32296 Austin Corners Suite 836,VIC,3942,Male,1270338
Justin Williams,48383 Jacobs Plaza,QLD,4659,Male,923633
Mrs. Michelle Page,53896 Bailey Walks Apt. 131,WA,6910,Female,1174117
Linda Bryant,322 Garner Loaf,NSW,2470,Female,1125941
Rhonda Cooper,588 Jillian Road,VIC,3146,Female,1090166
Pamela Woods,70562 Julie Courts,NSW,1188,Female,1094993
Caroline Shields,326 Tammy Island Suite 189,NSW,2335,Female,1104725
Rachel Lee,60386 Gonzalez Landing,VIC,3904,Undisclosed,1052656
Jesse Mann,41954 Sandoval Mountains,NSW,2300,Male,908493
Carl Cortez,627 Joanna River Apt. 584,NSW,2701,Undisclosed,414780
Lori Padilla,6492 Nicholson Common Apt. 853,VIC,3815,Undisclosed,440124
Jill Smith,37829 Brandon Circle,NT,837,Female,1298010
Daniel Thornton,5059 Nichols Union,VIC,3004,Male,677937
Tony Haynes,6892 Peters Branch Suite 353,WA,6027,Male,77365
Robert Gibson,4594 Collins Island Suite 145,NSW,2716,Male,915414
Victor Freeman,4868 Christopher Crescent,VIC,3190,Male,232859
Karen Jones,9539 Joseph Freeway,NSW,2230,Female,792223
Melissa Sanchez,51929 Aimee Oval Apt. 491,NSW,1221,Female,550852
Amy Carlson,42551 Lam Dale Suite 334,QLD,4018,Female,1307938
Melissa Wallace,304 Angel Fort Suite 208,QLD,4519,Female,1488690
Ronald Miller,529 Christopher Vista Suite 863,QLD,9007,Male,399642
Scott Smith,79437 Rebecca Fords,WA,6069,Male,225406
Joshua Camacho,0057 Carter Loop Suite 231,NSW,1441,Male,983374
Janet Norman,5973 Bernard Key Apt. 832,NSW,2536,Undisclosed,720559
Cody Lee,31531 Nicole Tunnel,NSW,1167,Male,73394
Christina Dixon,05745 Ray Lakes,TAS,7259,Female,132090
Ryan Brown,079 Michael Landing Apt. 174,WA,6328,Undisclosed,905578
Dana Garcia,14462 Rodgers Park,NSW,2306,Female,1311523
Joshua Smith,4647 Juarez Creek,QLD,4275,Male,443365
Amber Roach,7547 Grant Dam Apt. 755,NSW,2803,Undisclosed,677739
Rebecca Herrera,23610 Audrey Landing,NSW,2780,Female,1315220
Raven Phillips,693 Scott Stravenue Suite 930,VIC,3662,Female,345233
Andrea Mitchell,66748 Tyler Valley Apt. 177,VIC,3201,Female,962238
Charles Jackson,67816 Jones Springs,QLD,4074,Male,762108
Paula Medina,093 Eric Highway Suite 504,VIC,3147,Female,16848
Nicole Brown,042 Johnson Avenue Suite 408,SA,5560,Female,1321998
Casey Weber,1162 Johnson Walks,WA,6335,Female,1312904
Amanda Anderson,5119 Howard Circle Suite 610,NSW,2173,Female,881904
David Huber,7023 Sean Road,WA,6967,Male,652782
Nancy Smith,27918 Wallace Pike,QLD,4226,Female,202036
Judy Foster,90289 James Lodge Suite 621,VIC,3429,Female,1033787
Norman Terrell,5350 Rebecca Mews,WA,6842,Male,1167209
Kevin Simpson,22755 Cooke Mews,VIC,3204,Undisclosed,355999
Laura Duncan,00967 Wang Curve,QLD,4217,Female,140815
Tracy Ross,38161 Kenneth Cape Suite 405,QLD,4479,Female,370076
Andrew Osborne,8391 Patel Mount Apt. 974,WA,6335,Male,670947
William Smith,087 Robinson Wells Suite 961,WA,6351,Male,1080818
Thomas Valencia,907 Johnson Loaf Apt. 360,QLD,4852,Male,90060
Kimberly Vazquez,782 Alexandra Hill,SA,5420,Female,779630
Tamara Nichols,30683 Booth Drive,NSW,2891,Female,179011
Ashley Gallagher,7165 Haley Pike Suite 742,VIC,3806,Female,1441125
Elizabeth Hill,0798 Atkins Meadow Apt. 898,VIC,3272,Female,418696
Kellie Contreras,18558 Roberts Field Suite 501,VIC,3939,Female,44433
Veronica Rice,85134 Bailey Center Apt. 803,QLD,4423,Female,43506
Carrie Williams,58560 Adams Cove,SA,5280,Female,755706
Patricia Lowe,742 Grant Spurs Apt. 450,WA,6434,Female,69177
Cameron Rivera,6997 Stevens Route Suite 903,VIC,3380,Male,257372
Jill Sims,89076 Martin Plaza Suite 213,NSW,2806,Female,403779
Jamie Payne,739 Carlos Branch Apt. 284,QLD,4719,Female,799281
Jerry Mcbride,0208 Gould Ridge Apt. 860,NSW,2177,Male,306483
Julia Miller,311 Robert Glens,NSW,2545,Undisclosed,1438779
Tracey Duncan,32906 Amanda Parks,VIC,3530,Undisclosed,509526
Shannon Williams,025 Casey Turnpike,QLD,4678,Female,912464
Paul Meza,38807 Brittany Forge,SA,5008,Male,1158132
Kenneth Jones,39764 Margaret Summit,NSW,1192,Undisclosed,942326
Joseph Robertson,310 David Road Suite 955,VIC,8071,Male,1338370
Vanessa Hill,97603 Wilson Extensions Apt. 181,VIC,3233,Female,975527
Jessica Little,1237 Clark Tunnel,NSW,2090,Female,1444658
Michael Terry,3639 Philip Spring Suite 133,NSW,1008,Male,907929
Lisa Sanford,107 Elizabeth Stream,SA,5174,Female,1243739
Heather Douglas,567 Wilson Heights,WA,6407,Undisclosed,839232
Danielle Freeman,019 Miller Harbor Suite 692,QLD,4053,Female,68004
Tiffany Shannon,946 Shelton Dale Apt. 957,VIC,3419,Female,133472
Donald Mccormick,20700 Kimberly Parkways,QLD,4184,Male,618870
Loretta Hardy,686 Randy Dam,VIC,3043,Female,94977
Victoria Jones,5890 Fuller Flat Apt. 418,NSW,2219,Female,159808
James Strickland,8334 Tom Roads,NSW,1811,Male,133762
Peter Miller,007 Davies Cape,VIC,3180,Male,565479
Todd Fry,055 Patrick River Suite 789,NSW,2121,Male,16907
Scott Phillips,095 Sanchez Vista,QLD,4423,Male,1100945
Kenneth Clark,4652 Buchanan Manors Suite 558,WA,6434,Male,946312
Tracy Stanley,9376 Ellis Junction Suite 653,NSW,1100,Female,1398390
Carla King,31492 Amanda Summit,VIC,3084,Female,1211857
Sara Burke,127 Shaw Crescent,QLD,4605,Female,991732
Tammy Moore,0182 Anthony Greens,QLD,4371,Female,208658
William Taylor,8324 Sanchez Station,WA,6701,Male,1360442
Ashley Berry,1001 Roger Road,WA,6632,Female,140258
Matthew Franklin PhD,435 Matthew Skyway Apt. 128,NSW,2340,Male,1430022
Jeffrey Rubio,75615 Ellis Views,NSW,1132,Male,1071022
Jason Allison,6032 Valenzuela Orchard Suite 203,VIC,8070,Male,148849
Wayne Humphrey,406 Foster Walk Suite 171,SA,5422,Male,35385
Jordan Howard,272 Mcguire Inlet Apt. 707,WA,6082,Male,384849
Jonathan Hernandez,3812 Hancock Creek,NSW,1419,Male,429251
Monica Wallace,2365 Garza Hills,WA,6761,Female,1493432
Melissa Robinson,3008 Michael Spring Suite 385,SA,5164,Female,521759
Kelly Roberts,52778 Owens Bypass,VIC,3964,Undisclosed,10527
Daniel Doyle,802 Sanchez Terrace,NSW,1188,Male,305045
Tara Dudley,23837 Cody Lights Apt. 183,NSW,2408,Female,194781
Travis Davis,339 Nathan Motorway,QLD,4424,Male,518011
Robert Kirby,08769 Ross Shores,SA,5473,Male,842543
Daniel Tate,2674 Alexis Union Apt. 038,WA,6612,Undisclosed,181612
Jason Robles,51345 Evans Port,NSW,2479,Male,111076
Jeffrey Phillips,55577 Samantha Forges Apt. 132,VIC,3137,Male,1050737
Kathryn Barrett,630 James Expressway,NSW,2352,Female,118562
Mr. Garrett Jimenez,822 Erickson Oval,VIC,3177,Male,1408007
Gary Brennan,0742 Rita Square Suite 475,NSW,2787,Male,1256188
Donna Garcia,24629 Amber Creek,NSW,1825,Female,502349
Laura Payne,91118 Johnson Vista,SA,5237,Female,1333184
Christina Carson,73524 Kristi Drive Suite 408,QLD,4480,Female,402186
Brittany Murphy,306 Lucas Unions,VIC,3137,Female,880372
Kelsey Acevedo,509 Brianna Overpass Suite 270,VIC,3823,Female,442602
Eric Long,52745 William Fork,VIC,3882,Undisclosed,615832
Michael Donaldson,7760 Long Oval,VIC,3199,Male,441974
Katherine Miranda,8502 Gonzalez Harbor Suite 221,WA,6558,Female,322804
James Hogan,9890 Brown Mountain,NSW,2357,Male,209483
Rebecca Smith,708 Castro Passage Apt. 641,NSW,1515,Female,247174
Jonathon Holloway,2651 Kellie Roads,NSW,2520,Male,889667
Travis Ross,242 Jaclyn Islands Suite 910,NSW,2067,Male,1020835
Carol Callahan,414 Rogers Rest,NT,801,Female,1179003
Karla Hernandez,601 Julie Streets,WA,6946,Undisclosed,8784
Cindy Nolan,965 Joshua Club,NSW,1218,Female,438091
Ebony Sanchez,3881 Rebekah Corner Apt. 052,VIC,3047,Undisclosed,418687
Bill Villarreal,55073 Pamela Vista,NSW,2624,Male,620316
Tyrone Frank,2708 Hall Spring,SA,5414,Male,567230
Kelly Smith,313 Frank Dam,NSW,1237,Female,1053311
John Roberts,62532 Morris Glens,WA,6228,Male,1075354
Erika Huber MD,00745 James Mall Suite 856,NSW,2454,Female,1314797
Angela Hall,789 Mcbride Village Suite 308,NSW,1401,Female,1298800
Chelsey Clark,48530 Evelyn Coves Suite 902,NSW,2750,Female,1321782
Angelica Ryan,327 Lisa Circle,NSW,2715,Female,444307
Megan Henderson,83729 Joshua Tunnel Suite 169,QLD,4745,Female,392895
Mary Hernandez,1401 Kristen Manors Suite 543,NSW,2428,Undisclosed,282296
Kelly Williams,078 Bell Estates Suite 143,TAS,7265,Female,215943
Jennifer Serrano,52721 Blackwell Forge,QLD,4611,Female,1133284
Adrienne Gordon,57864 Nelson Heights,NSW,2346,Female,947729
Shannon Stuart,30140 Hayes Extensions,NSW,1109,Female,295643
Amy Hill,409 Greer Glen,WA,6437,Female,11128
Danielle Ball,2774 Harrell Junction Suite 715,SA,5351,Female,1336270
Manuel Bailey,999 Marcia Corner,VIC,3148,Male,1158815
Karen Garcia,2578 Vasquez Rapid,VIC,3933,Female,1075778
Matthew Walker,52129 Johnson Prairie,WA,6820,Male,919695
James Stanley,439 Aguilar Ports,NSW,2729,Male,352159
Jessica Phillips,4646 Johnson Shoal,VIC,3021,Female,651162
Andrew Simpson,982 Darlene Wall,SA,5632,Male,1048037
Lance Medina,11367 Lindsey Via,NSW,2844,Male,1447509
Zachary Reed,9279 Hill Shores Apt. 655,QLD,4403,Male,1247955
Jessica Jackson,48437 Moody Radial Apt. 194,QLD,4496,Female,742853
Laura Garcia,13244 Smith Ports,NSW,2472,Female,127761
Justin Wong,66206 Acosta Streets,QLD,4184,Male,1338281
Lucas Newton,14463 Christian Center Apt. 838,NSW,2575,Male,1055122
Michael Bradley,02159 Meyer Square Suite 985,NSW,1675,Undisclosed,1387274
Ronald Martinez,858 Jennifer Extension,QLD,9010,Male,1157463
Sharon King,8566 Christian Greens Apt. 267,VIC,3733,Female,1051718
Kevin Miller,029 Cox Viaduct Suite 259,NSW,2218,Male,579503
Carlos Obrien,701 Erin Centers Suite 517,WA,6450,Undisclosed,1467037
Amanda Clark,511 Samuel Creek,VIC,3030,Female,664198
Kristen Small,5601 Jeffrey Park Suite 154,VIC,3913,Female,471033
Jessica Oconnor,96309 Alan Curve,TAS,7000,Female,1050978
Adrian Long,715 Vargas Oval,SA,5670,Male,318969
Debra Rivera,666 Wilcox Street Apt. 810,SA,5652,Female,709789
Sara Higgins,8799 Jerry Club Apt. 435,QLD,4830,Female,507033
Brooke Salazar,64691 Timothy Orchard Suite 110,TAS,7304,Female,565777
James Smith,28941 Mathis Crest Apt. 718,VIC,3149,Male,388908
Valerie Daniel,3062 Adam Crossing,NSW,2075,Female,728840
Tristan White,71743 Brown Island Apt. 715,WA,6057,Male,376236
Erin Mckay,33637 Lowe Common,VIC,3727,Female,599556
Carrie Melendez,37267 Eduardo Ramp Apt. 494,NSW,2117,Female,138150
Ian Atkins,7413 Perry Courts,VIC,3201,Male,889375
James Rose,70561 Tammy Streets,QLD,4346,Male,667443
Sarah Jones,64695 Williams Estates Apt. 229,QLD,4746,Female,1297769
Andrea Torres DVM,42377 Farmer Pine Apt. 540,WA,6018,Female,103610
John Tyler,1623 Jones Falls Suite 877,SA,5171,Male,1068903
Michele Davis,408 Ashley Cape Apt. 326,NSW,2306,Female,986468
Lisa Miller,54320 Turner Fork,NSW,1151,Female,906403
Stacy Humphrey,6398 Johnny Groves,QLD,4346,Female,613915
Lindsay Mueller,38355 Amanda Road,NSW,2738,Female,1172381
Jessica Kane,6482 Moses Fall,QLD,4400,Undisclosed,894950
James Bruce,7119 Brenda Terrace Apt. 428,QLD,4718,Male,1471555
Casey Parsons,3838 George Tunnel,NSW,2161,Male,222799
Leonard Brooks,161 Martinez Turnpike,NSW,2487,Male,163948
Lisa Reed,6435 Compton Points,WA,6284,Female,215295
Joseph Anderson,6560 Edward Mission Suite 105,TAS,7301,Male,1473881
Anthony Moore,9448 Evans Hollow Apt. 406,WA,6903,Male,949767
Gabrielle Anderson,24128 Zachary Vista,NSW,1106,Female,1378735
Phillip Baker,970 Shelton Brooks Apt. 572,WA,6475,Male,1437279
James Blevins,4345 Long Lakes,WA,6328,Undisclosed,159111
Drew Miller,38707 Lozano Springs Apt. 305,NSW,2365,Male,1301844
Matthew Reed,93985 Amy Fords,VIC,3329,Male,247150
Alicia Buck,0090 Hernandez Glens,NSW,2630,Female,117587
Maria Davila,32661 Spencer Extensions,QLD,4275,Female,65866
Christina Smith,58095 Watson Point Apt. 471,VIC,3618,Female,18239
Nancy Delacruz,96264 Phillip Drives Suite 793,VIC,3294,Female,939872
Amber Banks,91138 Karen Parkways Suite 882,SA,5067,Female,483972
Taylor Barber,12496 Jennifer Mills Suite 598,VIC,3685,Female,460461
Donald Green,26795 Banks Mills,NSW,2476,Male,1001042
James Shaw,0063 Richard Harbor,NSW,1429,Male,539812
Calvin Knapp,7126 Jennifer Corner Apt. 833,QLD,4223,Male,1163908
Christian Silva,523 Luke Keys Suite 957,VIC,3865,Male,660773
Benjamin Castro,6617 Christina Club Suite 822,QLD,9726,Male,379655
Christian Armstrong,33734 Russell Roads,VIC,3396,Male,508992
Jamie Martin,03228 Howell Brook,VIC,3977,Female,1151445
Colleen Little,51286 Tina Path Apt. 021,NSW,2588,Undisclosed,858433
Austin Pruitt,5773 Henry Pine Suite 267,WA,6414,Male,550463
Christine Bean,095 Hess Bypass,NSW,1355,Female,434660
Kathryn Herrera,320 Jessica Drives,VIC,3840,Female,293376
Julie Rocha,956 Sara Knoll Suite 877,SA,5310,Undisclosed,1263177
David Smith,68365 Jared Village,VIC,3482,Male,1213994
Jason Ford,5112 Margaret Mount Suite 045,WA,6391,Male,1403297
Maria Carter,340 Kristen Spur Apt. 692,TAS,7310,Female,315239
Adrienne Owens,0166 Hicks Curve Apt. 744,VIC,3637,Female,1091886
Regina Moore,20137 Kayla Plaza Suite 546,NSW,2659,Female,1032666
Colleen Thompson,628 Wilson Prairie Suite 417,NSW,2828,Female,95538
Ryan Grimes,64019 Williams Rapid Apt. 896,VIC,3646,Male,728975
Tony Cook,82597 Miller Stravenue Suite 372,NSW,2082,Undisclosed,1137447
James Lopez,744 Patrick View,VIC,3088,Male,222746
Angela Sanchez,169 Armstrong Corners Apt. 428,NSW,2157,Female,145360
Brandi Chapman,82011 Lopez Lakes,VIC,8004,Female,690770
Nicholas Sanders,7971 Brian Ferry Apt. 354,VIC,3194,Male,567794
Kathy Torres,919 Julie Alley Suite 678,VIC,3738,Female,1298181
Ryan Wong,2908 Beth Valleys Apt. 956,VIC,3027,Male,648120
Ethan Lewis,25869 Elizabeth Forks,QLD,4402,Male,435463
Timothy Rogers,24787 Scott Walk Suite 809,QLD,4496,Male,846538
Andrea Rogers,99361 Williams Burg Suite 231,VIC,3441,Female,661720
Ryan Randall,2078 Douglas Ford,WA,6368,Male,295494
Joel Larson,3952 Williams Burgs Apt. 672,NSW,2213,Male,1422749
Michelle Huber,9608 Perez Cliffs Apt. 313,NSW,2777,Female,1133020
Justin Ray,8614 Bell Ville,NSW,1177,Undisclosed,476643
Tara Vasquez,768 Christina Spring Apt. 433,NSW,2155,Female,275736
Brandon Black,738 Shaw Brooks Suite 110,SA,5091,Male,1139435
Mr. Brian Peterson MD,5162 Zamora Island,VIC,3450,Male,913816
Sandra Howard,973 Ellen Underpass,SA,5433,Female,302084
Natasha Figueroa,09265 Gray Ranch Suite 452,WA,6181,Female,741380
Cindy Brown,0281 Marvin Cliff Apt. 231,QLD,4728,Female,1389810
Mark Hampton,72702 Troy Alley Apt. 883,QLD,4423,Male,264966
Diane Hoffman,18150 Angela Gardens Apt. 332,TAS,7303,Female,590900
Daniel Gonzalez,507 Sandra Court Suite 392,NSW,2822,Undisclosed,1488955
Debra Lloyd,8157 Lutz Union,SA,5000,Female,124930
Christopher Morales,3945 Edwards Mountains Suite 902,WA,6065,Male,1056718
Brandy Murphy,6969 Alexander Brook Apt. 738,WA,6038,Female,967908
Christopher Palmer,70388 John Ferry Suite 922,VIC,3111,Male,1128494
John Johnson,370 Hoffman Ville,VIC,3106,Male,856861
Kristen Flynn,040 Spencer Plaza Apt. 987,NSW,2075,Female,45607
Maria Green,53785 Ryan Points Suite 029,WA,6243,Female,336211
Zachary Banks,944 Stokes Forges,NSW,1237,Male,391591
Scott Andrews,319 Michael Orchard,NSW,2125,Male,146436
Matthew Wade,0901 Susan Shoals Apt. 040,SA,5660,Male,513154
Pamela Morris,67255 Daniel Springs,VIC,3330,Undisclosed,803239
Mark Russell,4501 Cynthia Forks,NSW,1035,Male,846429
Rebekah Hubbard,46376 Moore Burgs Suite 028,NSW,2381,Female,1472545
Lisa Ware,112 Johnson Vista Suite 279,QLD,4852,Female,145315
Cheyenne Love,2057 Merritt Square,WA,6236,Undisclosed,587769
Cristian Johnson,0459 Grimes Cliff,QLD,4876,Male,1280623
Eric Martinez,5997 Cindy Parks Suite 380,NSW,2669,Male,921080
Rhonda Faulkner,9216 Parker Park Suite 747,QLD,4361,Female,1050472
Gene Smith,7324 Morales Roads Apt. 661,TAS,7112,Male,495978
Devon Harmon,6020 Michael Forks Apt. 386,NSW,1360,Male,1361587
Christina Johnson,29937 Michael Circle Suite 374,WA,6281,Female,305099
Shannon Mitchell,157 Carter Expressway,QLD,4650,Female,719299
Rachel Hardy,295 Charles Mall,VIC,3178,Female,1498143
Joshua Wagner,2808 Mcmahon Highway Apt. 247,WA,6255,Male,1360975
Heather Santos,2478 Amber Turnpike Suite 786,NSW,2164,Undisclosed,740540
Shannon Johnson,2283 Elizabeth Shore Apt. 693,NSW,2627,Undisclosed,811543
Traci Mann,0404 Heather Pass,QLD,4341,Female,313672
Krista Rodriguez,234 Emily Orchard,WA,6232,Female,383432
John Walters,79901 Franklin Grove,QLD,4709,Male,984276
Mrs. Rachel Wolfe,93668 Robbins Freeway,NSW,1891,Female,442790
Michelle Mcdonald,597 Andrew Meadow,QLD,4005,Female,145877
Sean Lyons,877 Susan Neck,NSW,2867,Male,60025
Martin Ross,296 Carter Manors,NT,871,Male,115791
Jeremy Johnson,322 Nicole Meadows Suite 576,WA,6740,Male,118588
Gregory Simon,38351 Mitchell Mill Apt. 328,VIC,3959,Male,1215420
Sherry Snyder,0679 Yvette Street Suite 698,VIC,3557,Female,391856
Eric Ramirez PhD,4389 Connie River,TAS,7305,Male,27363
Steven Hill II,54720 Barry Manors,SA,5580,Male,700088
Donna Smith,34149 Alexander Dam,QLD,4517,Female,441140
Charles Johnson,936 Ray Turnpike Suite 183,VIC,3222,Male,1356020
Stephanie Oneal,566 Tina Burgs,VIC,3276,Female,406990
Matthew Marsh,355 Johnson Villages Apt. 409,VIC,3977,Male,347602
John Bennett,4327 Austin Burgs,SA,5110,Male,488398
Austin Dougherty,35322 Diaz Views Suite 047,SA,5417,Undisclosed,466469
Cheryl Payne DDS,31347 Cody Walks,SA,5141,Female,1258003
Heather Hernandez,5668 Oneal Plaza Suite 045,TAS,7277,Female,913953
Richard Ellis,5559 Jennifer Track Apt. 644,VIC,3913,Male,587124
Gabrielle Barker,213 Kenneth Lake,NSW,2566,Undisclosed,351873
Richard Gray,19289 Figueroa Summit,QLD,4557,Male,1086870
Lauren Shah,931 Tucker Hills,NSW,2787,Undisclosed,1012860
Brent Wilson,389 Shawn Court Apt. 202,TAS,7011,Male,1018122
Melanie Walker,405 Webb View Apt. 449,VIC,8071,Female,1321119
Robert Shepherd,5050 Lisa Brooks,SA,5047,Male,171124
Michael Hill,486 Flowers Roads Suite 934,QLD,4106,Male,307416
Amber Powell,61135 Henderson Stravenue Apt. 184,NSW,2339,Female,5134
Nancy Hill,3794 Edwards Ramp,NSW,2406,Female,830217
Susan Jones,36516 Corey Trail,NSW,2525,Female,556302
Justin Johnson,291 Jesse Fall,NSW,1218,Male,214747
Karen Sullivan,154 Jeremy Village Suite 289,QLD,4226,Female,1470679
Kristen Martinez,64750 Mason Lock,NSW,1122,Female,270189
Molly Vazquez,51031 Cynthia Lake,VIC,3154,Female,339582
John Griffin,260 Smith Bypass Apt. 434,NSW,2767,Male,744143
Patricia Medina,8175 Hoffman Hill,TAS,7050,Female,1421722
Jason Figueroa,841 Bennett Roads,NSW,2750,Male,698673
James Gonzalez,168 Joshua Course Suite 624,TAS,7469,Male,1491165
Tammy Wilson,8160 Chase Roads,NSW,2445,Undisclosed,893995
David Harris,0438 David Cliffs,QLD,4418,Male,766537
Beth Wright,65274 Brown Row,NSW,2630,Female,936
Chad Dalton,668 Yates Port,NSW,2165,Male,554289
Brandy Gonzalez,059 Martin Creek Apt. 118,NSW,2090,Female,318161
Anne Torres,022 Gary Courts,NSW,2140,Female,584181
Laurie Quinn,733 Goodman Crest Apt. 269,VIC,3037,Female,943505
Cole Hughes,6528 Robin Lake Apt. 340,QLD,4493,Male,211264
Jamie Humphrey,63759 Jennifer Centers Apt. 155,WA,6722,Female,521284
Peter Watson,12584 Jason Lakes Suite 379,TAS,7177,Male,845523
Allison Walters,1331 Kenneth Underpass,NSW,1043,Female,140844
Danielle Lamb,1611 Andrew View,SA,5120,Female,1423017
Ryan Sanchez,46211 Dana Island Apt. 990,NT,822,Male,698102
Kelly Parker,970 Sharon Crescent Apt. 695,QLD,4387,Female,516760
Michael Long,8633 Lorraine Trail Apt. 064,VIC,3639,Male,768281
Sarah Moses,1842 Church Turnpike Apt. 360,NSW,1113,Female,1331665
Christina Steele,24270 Nicole Ford Suite 375,QLD,4662,Female,576529
Madison Ford,1823 Shannon Crescent,SA,5251,Female,365083
Harry Ware,4595 Griffin Extensions,QLD,4810,Male,403091
Glenn Griffith,174 Garcia Alley Suite 739,WA,6327,Male,367093
Jonathan Blake,13832 Valerie Locks Apt. 019,SA,5069,Male,234791
John Velasquez,49733 Gaines Street Suite 950,NSW,2361,Male,143965
Christopher Ortiz,8788 Jonathon Passage Apt. 581,VIC,3695,Male,1237853
Nathan Crawford,5260 Harrell Brook,VIC,3726,Male,778191
Jennifer Bender MD,1303 Anderson Pike Apt. 163,VIC,8120,Undisclosed,1030211
Nicole Vasquez,07721 Timothy Gateway Apt. 906,QLD,4390,Female,1152287
Lisa Rodriguez,5588 Lawrence Alley,NSW,1174,Female,1274907
Nicole Johnson,744 Nicholas Knolls Suite 316,QLD,4374,Female,1148741
Lance Cohen,12871 Jamie Club Apt. 956,NSW,2530,Undisclosed,641980
Rebecca Miller,870 Richards Glen Apt. 806,VIC,3128,Female,688132
Stephen Dickerson,204 Nichols Viaduct,WA,6409,Male,504935
Derrick Perkins,5539 Thompson Orchard Apt. 544,WA,6430,Undisclosed,716204
Rodney Caldwell,722 Hurst Station,WA,6018,Male,640502
Ashley Howell,85425 Moody Cove,NSW,2800,Female,1390293
David Ramirez,05506 Melody Orchard Apt. 406,WA,6396,Male,260992
Joseph Shannon,53564 Cory Ports Suite 438,TAS,7268,Male,322483
George Cameron,8475 Carmen Trace,VIC,3342,Undisclosed,248082
Mrs. Kristen Khan,64180 Kristina Via,TAS,7027,Female,658170
Taylor Martinez,944 Munoz Park Apt. 765,WA,6937,Female,1067451
Jeremy Weaver,79888 Desiree Path,QLD,4010,Male,131556
Dr. Kristin Bell,01408 Hodge Port,WA,6532,Female,720368
Tricia Santiago,39249 Christian Hills,NSW,1440,Female,938283
Nicole Medina,3448 Hebert Union Apt. 856,TAS,7183,Female,698652
Kyle Estrada,84726 Anderson Parkways Suite 686,SA,5045,Male,975232
Nicholas Johnson,395 Sims Ranch Apt. 879,QLD,4280,Male,197207
Paul Gross,9134 Alicia Station Suite 015,VIC,8066,Male,342788
Ronald Williams,5511 Isaac Flat,VIC,3358,Male,960941
Jade Briggs,7826 Rodriguez Flat Suite 998,WA,6174,Female,828348
Kyle Hernandez,16557 Wise Circle Suite 365,SA,5264,Male,276907
Mr. Anthony Ortiz,252 Miller Station,QLD,4697,Undisclosed,757858
Matthew Klein,97709 Miller Isle Apt. 249,SA,5095,Male,1342852
Kathryn Steele,021 Michael Passage,SA,5154,Undisclosed,907057
Jamie Thomas,37445 George Mountain Apt. 286,NSW,2024,Male,1412357
Paul Jackson,53228 Mcdonald Fork Apt. 585,NSW,2733,Male,854460
Michael West,005 Campbell Trail Suite 439,VIC,3737,Male,1248072
Erika Lee,086 Rose Mountains Suite 063,WA,6956,Female,684005
Kathleen White,1712 Mckenzie Plains,NSW,2069,Female,411748
Cindy Knight,63204 Stewart Route,NSW,1173,Female,1332201
Elizabeth Fleming,127 Brenda Junction Suite 042,VIC,3682,Female,513172
Maria Olsen,2902 Monique Oval,NSW,1480,Female,998299
Joshua Richardson,1816 Robert Ridges,QLD,4574,Male,1487342
Dawn Martinez,2581 Gonzalez Key Suite 750,QLD,4891,Female,1433917
Timothy Valdez,287 Smith Walks Suite 612,QLD,4580,Male,241284
Troy Koch,144 Taylor Mountains Apt. 569,SA,5098,Male,781067
Robert Duran,131 Lopez Road Suite 692,SA,5431,Male,277952
Michael Bryant,55334 Melissa Terrace Suite 264,VIC,3782,Male,1037547
Roberta Mccarty,9378 Donald Squares,VIC,3189,Female,172708
Luis Allen,95466 Rodriguez Groves Suite 802,WA,6182,Male,746941
Carlos Harris,076 Delgado Inlet,NSW,2586,Male,533959
Nicole Curtis,225 Zachary Hill Apt. 739,NSW,2584,Female,1108729
Kathleen Daniel,254 Jessica Common,NSW,2069,Undisclosed,1145164
Antonio Gutierrez,36479 Cole Avenue Suite 500,QLD,4066,Male,757582
Michael Castillo,7395 Alexandra Plaza Suite 975,NSW,2656,Male,1198145
Dr. Stephanie Ali,415 Peter River Suite 234,NSW,2573,Female,962410
Dalton Guerrero,3065 Cameron Passage,QLD,4479,Male,336693
Christopher Nguyen,612 Crosby Springs Suite 064,NSW,1131,Male,1309503
Rachel Fernandez,6291 Sandra Alley Apt. 412,NSW,2044,Female,1224730
Matthew Anderson,081 William Harbor Suite 972,VIC,3938,Male,926876
Kristina Burton,37292 Cheryl Isle Suite 738,WA,6102,Female,1143624
Jason Holloway,3027 Tammy Ports,VIC,3438,Male,1214935
Richard Bender,621 Felicia Mountain Suite 683,VIC,3172,Male,1122003
David Williams,0113 Lopez Shoal Apt. 116,NSW,2545,Undisclosed,679815
Ryan Rios,787 Vincent Avenue,SA,5266,Male,431076
Carol Chapman,82206 Weber Ranch,WA,6043,Female,857362
Donna Simon,726 Robinson Pass Suite 805,QLD,4215,Female,818128
David Stanley,71580 Armstrong Ramp Apt. 832,NSW,1042,Male,1065671
Mary Graham,473 Santos Ports Suite 856,VIC,3480,Female,1161042
Barbara Knox,23290 Julie Ferry,TAS,7180,Female,902631
Kristin Torres,0795 Ward Greens,QLD,9010,Undisclosed,29157
Cory Carter,8798 Evans Glens,WA,6501,Male,276321
Todd Maldonado,66054 Mccoy Isle,QLD,4362,Undisclosed,643406
Christopher Munoz,8306 Nicole Lake Apt. 196,QLD,4305,Male,758096
Mary Green,26511 Amanda Lakes Apt. 037,SA,5373,Female,1147453
Alexandra Henderson,2391 Kristen River Suite 144,QLD,4304,Female,1447015
Gwendolyn Brown,2933 Jennifer Meadows,NSW,2838,Female,256197
Christopher Potts,95587 Aaron Circle Suite 411,VIC,3779,Male,524257
Monica Smith,212 Victor Tunnel,VIC,3240,Undisclosed,1054120
Mary Phillips,2008 Matthew Circle Suite 024,QLD,4069,Female,265258
Suzanne Key,793 Jennings Squares Apt. 725,WA,6231,Female,765798
James Simpson,8267 Cook Unions Apt. 995,TAS,7265,Male,656151
Edward Tucker,8133 Jasmine Place Suite 663,VIC,3542,Male,512043
Kaylee Velasquez,894 Prince Bypass Apt. 849,TAS,7190,Female,586069
Louis Hinton,97314 Nicholas Lakes Suite 219,NSW,2227,Male,39551
Cynthia Baker,098 Kaufman Dale Apt. 900,VIC,3594,Female,1423613
Lorraine Scott,22121 Braun Lane Apt. 579,TAS,7021,Female,214181
Joseph Brown,3998 Beasley Spring Apt. 677,VIC,3755,Undisclosed,223626
Gregory Morris,86709 Melvin Ridges,QLD,4411,Male,39191
Andres Bryant,950 Jeremy Path,QLD,4740,Male,1184690
Brandy Wilson,5828 Miles Fort Apt. 635,NSW,1181,Female,488634
Mike Wolf,687 Lopez Loop Apt. 730,NSW,2203,Male,227797
Amber Garcia,8728 Veronica Knolls,NSW,2736,Female,1346644
Taylor Hopkins,32521 Melanie Port Apt. 036,QLD,4674,Female,518137
Melissa Curtis,7777 Jennifer Forges Apt. 360,QLD,4159,Female,1489840
Tony Reid,6954 Wendy View Apt. 325,WA,6230,Male,319576
Sean Luna,02436 Thomas Meadow,SA,5577,Male,151867
Renee Sharp,3203 Michelle Club Suite 472,VIC,3249,Female,1191999
Anna Kelley,801 Zachary Prairie Suite 630,NSW,2476,Female,44873
Derek Johnson,4999 Bethany Square,SA,5417,Male,1194687
Mrs. Marissa Fry,236 Mark Gardens,QLD,4677,Female,63571
Kelly Taylor,1690 Jacob Roads,VIC,3051,Female,312517
Natalie Curry,704 Carrie Islands,VIC,3913,Female,561392
Rebecca Hamilton,93368 Gray Key,VIC,3752,Female,940775
Courtney Ramos,130 Marquez Turnpike Suite 070,WA,6562,Female,790471
Maria Carlson,764 Danielle Center,VIC,3753,Female,967586
William Farley,577 Randall Forges Suite 843,QLD,4388,Male,191137
David Oliver,09296 Aaron Springs,NSW,1185,Male,836460
Rachel Cole,89186 Cisneros Ways,WA,6226,Female,1069
Steven Watkins,0252 Anthony Mission,VIC,3472,Male,1224980
Sarah Schwartz,7491 Mark Cliff,SA,5061,Female,673862
Kelly Martinez,6591 David Vista,VIC,3786,Female,1456575
Shannon Berry,308 Jennifer Squares Suite 867,NSW,2263,Undisclosed,271690
Jennifer Williams,3360 Jesse Glen Suite 815,NSW,1147,Female,1498032
David Williams,8850 Douglas Corners,NSW,2486,Male,151970
Steven Hatfield,517 James Neck Apt. 875,NSW,2422,Male,153942
Rachel Baldwin,457 Jessica Square Apt. 197,WA,6373,Female,1288182
Johnny Mckee,233 Jennifer Roads Apt. 959,VIC,8071,Male,755813
Jonathan Beltran,93931 Hernandez Freeway,VIC,3217,Male,1308440
Harold Ramirez,80842 Vincent Heights,NSW,2594,Male,1007749
Krystal Thornton,20819 Nicole Squares Apt. 635,NSW,2425,Female,33958
Molly Stone,45719 Thompson Prairie,WA,6765,Undisclosed,1167723
Brian Flores,06792 Christine Plaza Apt. 380,VIC,3557,Male,375766
Megan Cannon,614 Mays River Suite 926,NSW,1148,Female,1355979
Shawn Bowen,71469 Harris Mills Suite 394,NSW,2834,Male,845814
Samuel Torres,07120 Jennifer Flat Suite 459,NSW,2380,Male,829040
Lori Cunningham,7865 April Isle Apt. 504,NSW,2817,Female,791560
Jane Marquez,58099 Meyer Circle Apt. 482,VIC,3649,Female,90099
Jessica Brown,92071 Kane Centers Suite 151,NSW,2179,Female,747987
Jennifer Rodriguez,895 Bautista Dale,QLD,4580,Female,1420853
Julie Stein,906 Paul Cove,VIC,3551,Female,239549
Michelle Nelson,9190 Julie Underpass Apt. 550,VIC,3461,Female,37135
Timothy Ortiz,79604 Robbins Rapid Apt. 531,WA,6215,Male,704486
Jennifer Holt,027 Sarah Port Suite 081,NT,822,Female,1276011
Dr. Deborah Jenkins PhD,94712 Stevens Port,NSW,1730,Female,381237
Dana Salazar,58512 Parker Cove Apt. 107,WA,6175,Female,1047622
Nathan Ferrell,5813 Rice Pass,WA,6846,Male,737053
Andrew Torres,352 Steele Freeway,TAS,7216,Male,1427290
John Bird,413 Susan Junction Suite 139,QLD,4488,Male,63220
Sylvia Tate,75774 Brianna Causeway Apt. 510,NSW,2062,Undisclosed,229674
Christine Wilson,36425 Wells Isle,QLD,9002,Female,473509
Jeffrey Thomas,1135 Collins Summit Apt. 522,QLD,4600,Male,893359
Tiffany Perez,9697 Thompson Forges,QLD,4828,Female,850176
Billy Jones,738 Shelia Glens Suite 074,QLD,4213,Male,703812
Edward Young,776 Hill Ramp Apt. 209,VIC,3900,Male,842193
Casey Rivera,98839 Charles Mountains Apt. 113,SA,5125,Female,560445
Amanda Dominguez,133 Medina Mews Apt. 921,QLD,4467,Female,1284021
Wesley Sparks,561 Ryan Causeway Suite 087,NSW,2537,Male,1006249
Alexis Mcdonald,94381 Brian Lock,VIC,3353,Female,311777
Amber Mann,9231 Moyer Street,TAS,7257,Female,689706
Leslie Lynch,2718 Wilkerson Crossroad,WA,6997,Female,321927
Jessica Fernandez,96455 Duffy Highway Suite 755,VIC,3766,Female,201891
Shelley Mccoy,3656 Jessica Summit,WA,6031,Female,778971
Linda Padilla,585 Michele Parks,WA,6923,Female,72677
Mr. Zachary Gomez,4065 Wagner Curve,VIC,3802,Male,758973
Amanda Riley,4868 Yvonne Views Apt. 205,SA,5473,Female,1441334
Erin Powell,728 Yesenia Pines,VIC,3728,Female,430746
Holly Odonnell,956 Morgan Lock,SA,5173,Female,226993
Steven Tate,749 Thompson Highway,VIC,3891,Male,307987
Deborah Wilson,6838 Vincent Mews,NSW,1033,Female,877458
Tanya Moore,6680 Johnson Mount,NSW,2680,Female,429743
Jessica Duarte,98916 Ellis Overpass,VIC,3573,Female,893689
Gregory Weaver DDS,128 Riley Forge Suite 606,NSW,2439,Male,1389028
Jason Flores,563 Kimberly Wells Apt. 047,VIC,3530,Male,1230294
Brittany Robinson,904 Suzanne Valleys Suite 658,QLD,4721,Female,1202771
Dylan Cole,04981 White Avenue,NSW,2665,Male,635662
Madison Sweeney,5171 William Canyon,VIC,3130,Female,738384
Joshua Jenkins,139 Smith Plaza,TAS,7018,Male,1240657
Patricia Palmer,018 Kathryn Coves Apt. 752,VIC,8107,Female,369576
Rachel Davis,6530 Bailey Track Suite 323,VIC,3450,Female,652614
Shawna Smith,76924 Shields Mountains,QLD,4102,Female,221128
Allison Snow,46995 Rasmussen Valleys,SA,5108,Female,998889
Brittany Torres,7961 Keith Oval,QLD,4810,Female,1341838
Erin Williams,00112 Smith Camp,QLD,4480,Female,13638
Shelby Williams,241 Crystal Springs,SA,5250,Female,133076
Deanna Anthony,9556 Alexandria Oval Suite 558,TAS,7275,Female,320199
Juan Juarez,862 Raymond Crossing Suite 700,NSW,2626,Male,891644
Nancy Bridges,42892 Christy Dam,NSW,2866,Female,383631
Anthony Smith,4736 Allison Trace Apt. 765,WA,6176,Male,1493499
Rebecca Evans,47032 Michael Wells,NSW,2008,Undisclosed,1045044
Dorothy Lawson,175 Jerome Trace,VIC,3333,Female,570677
Jay Fields,9316 Christy Stream,QLD,4222,Male,1346843
Rebecca Merritt,44499 Tammy Cliffs,NT,831,Female,947698
Kevin Wheeler,4113 Michael Walks,NSW,1655,Male,959641
Evan Pope,53141 Joseph Parkway Apt. 471,NSW,2079,Male,554571
Sarah Peterson,323 Waller Plain Apt. 573,QLD,4492,Female,475264
Martin Williams,601 David Rapid Suite 716,QLD,4887,Male,934964
Scott Dennis,5021 Christopher Flat Apt. 679,NSW,2873,Male,1083157
Dr. Michael Murphy DVM,021 Samantha Light,WA,6306,Male,268570
Tammy Morris,19266 Justin Avenue,NSW,2793,Undisclosed,827989
Christopher Santos,27034 Hawkins Stream Apt. 946,VIC,3490,Male,1179719
Karen Ramirez,1267 Carr Islands,NSW,2751,Female,570808
Linda Maldonado,415 Duran Route,NSW,2422,Female,295298
Lori Barnes,4012 Deanna Knoll Suite 095,TAS,7140,Female,1362264
David Myers,896 Sara Loop,NSW,2400,Male,1472380
Steven Holmes,22088 Nicholas Plains Apt. 975,WA,6931,Male,1471397
Sarah Oliver,5209 Rogers Gateway,QLD,4697,Female,868134
Amber Little,887 Allison Light,WA,6436,Female,1305736
Michael Bridges,008 Perry Summit Apt. 295,VIC,3929,Male,618786
Karen Bell,520 Crawford Ramp Suite 884,NT,841,Female,618155
Eric Frazier,1058 Jasmine Hollow Suite 742,QLD,4313,Male,1173116
Robin Elliott,1121 Michael Mill Apt. 860,NSW,2058,Female,596644
Megan Martin,011 Sellers Brooks,VIC,3498,Female,525598
Jacqueline Smith,9854 Christopher Mews Suite 026,VIC,3903,Undisclosed,490871
Anthony Cook,8230 Contreras Key Apt. 173,VIC,3580,Male,745178
Laura Gonzalez,18668 Meyer Parks Suite 149,VIC,3266,Undisclosed,955605
Jay Rich,6464 Charles Park Apt. 505,NSW,1119,Male,1061704
Amanda Gilmore,47382 Cory Inlet Apt. 852,QLD,4072,Female,1337834
Michelle Brooks,8620 Keller Tunnel Apt. 375,QLD,4067,Female,674391
Ashley Harris,871 Anderson Radial,VIC,3902,Female,960678
Danielle Skinner,500 Randy Crescent Suite 777,SA,5311,Female,417331
Robin Ferrell PhD,71133 Ford Valley Apt. 488,VIC,3930,Female,572479
Angela Powell,966 Javier Landing,VIC,3964,Female,463380
Erica Pratt,5180 Smith Common,QLD,4497,Female,1027722
Cody Moreno,94192 Brittany Forge Apt. 031,VIC,3544,Male,1109725
Dana Matthews,370 John Mission,NSW,2351,Female,1072858
Jennifer Dunn,7747 Elizabeth Throughway Suite 822,QLD,4304,Female,671181
Johnathan Liu,917 Wolf Mount,NSW,2119,Male,1441170
Robert Brown,04467 Bowers Glens,WA,6173,Male,152507
Alexis Mendoza,2741 Figueroa Mission Suite 120,NSW,1106,Female,947517
Anthony Noble,3411 Meyers Cove Apt. 273,QLD,4500,Male,1406041
Diana Turner,11553 Joshua Ports,WA,6513,Female,1274953
Cameron Wagner,263 Robin Fall Apt. 998,ACT,200,Male,467657
William Long,5339 Williams Crescent,VIC,3893,Male,1372931
Michael Green,3841 Scott Island,WA,6346,Male,1260901
Amy Lambert,235 James Fields,NSW,1675,Female,458478
Brittany Castro,143 Christine Cliffs,WA,6122,Female,540665
Samantha Jones,78646 Natasha Vista,VIC,8009,Female,736026
Andrew Thompson,97925 Sandoval Hollow,WA,6103,Undisclosed,203890
Lisa Harper,180 Salas Groves Apt. 856,SA,5307,Female,480866
Taylor Johnson,289 Mark Roads,TAS,7277,Male,1078888
Charles Smith,749 Underwood Green Suite 478,NSW,2445,Male,429895
Michael Larson,84260 Morse Springs,QLD,4799,Male,424587
Mrs. Kimberly Martin,1867 Scott Canyon Apt. 406,NSW,1214,Female,1165889
Diane Sloan,45872 Amy Prairie,VIC,3123,Female,1086824
Maria Perry,937 Booth Center,NSW,2803,Undisclosed,357859
Christian Figueroa,438 Pineda Knoll Suite 569,QLD,4888,Undisclosed,859868
Tracy Jenkins,715 Robinson Forges,QLD,4858,Female,174473
Bryan Dalton,5743 Scott Square Apt. 521,NSW,1175,Male,6191
Randy Williams,8431 Stephen Port,VIC,3853,Male,970550
Joshua Sutton,550 Angela Unions,QLD,4113,Male,845600
Donald Robertson,358 Allen Vista Suite 703,NSW,2577,Male,738567
Jenna Owens DVM,57656 Mary Vista Apt. 660,VIC,3152,Female,1333115
Levi Cook,2476 Rachael Island Suite 163,SA,5352,Male,503136
Robert Franklin,62722 Michael Ridges Suite 020,VIC,3822,Male,1398126
Nancy Rubio,958 Kristin Estate Apt. 286,WA,6620,Female,1250872
Billy Mays,3728 Sutton Islands Suite 781,QLD,4714,Male,457515
Benjamin Sanchez,14373 Kim Lodge,WA,6157,Male,613787
Amy Johnson,48991 Brittany Track Apt. 154,NSW,1293,Female,697847
Jesse Vincent,6577 Turner Manors,NSW,2567,Male,1190566
Bianca Brennan,191 Janet Squares Suite 232,NSW,2587,Female,1087749
Tiffany Smith,65505 Angela Plain,QLD,4625,Female,299286
Samantha Davis,1866 Gibson Roads,SA,5651,Female,717364
Jason Schneider,9135 Miller Land,QLD,4346,Male,933111
Frances Chen,2913 Sarah Ferry Apt. 840,SA,5308,Female,407808
Andrew Zimmerman,7995 Daniels Plains Suite 820,SA,5273,Male,322056
David Ramos,1514 John Springs,NSW,2024,Male,781933
Jeffrey Newton,627 Rhodes View Apt. 557,NSW,2804,Male,1487107
Anna Jordan,146 Michelle Road,SA,5252,Female,1347338
Anna Miller,0376 Zhang View Apt. 307,WA,6959,Female,850870
Brittney Duncan,412 Jeremy Junction Apt. 610,QLD,4854,Undisclosed,936020
Wendy Mcdonald,952 Lewis Fords,SA,5095,Female,1173260
Kevin Miller,422 Carolyn Station,TAS,7171,Male,1040915
Danielle Abbott,874 Kylie Village,SA,5245,Female,6920
Zoe Brown,93302 Cantrell Prairie,VIC,3725,Female,130784
James Casey,5622 Fuentes Brooks Apt. 054,QLD,4554,Male,944118
Michael Dominguez,6893 Donald Vista Suite 883,TAS,7008,Male,1251198
Rodney Johnson,2199 Jorge Shores,VIC,3741,Male,23431
Mary Zuniga,29025 John Ferry Suite 846,VIC,3434,Female,213196
Erin Myers,5507 Rivera Land,NSW,2278,Female,134649
Whitney Peck,6967 Jeremy Square Suite 056,WA,6430,Female,1169303
Wendy Barnes,050 Jay Way Apt. 245,NSW,1149,Female,1205560
Alicia Phillips,442 George Springs,QLD,4728,Female,460297
Nathan Allen,5936 James Forks,VIC,3847,Male,1249835
Mallory Edwards,7638 Mercado Fort,NSW,2680,Female,839979
Becky Manning,53128 Butler Court,VIC,3260,Female,1229449
Shirley Boyd,5817 Timothy Mall Suite 978,NSW,2590,Female,1391572
Teresa Brown,3248 Alicia Manor Apt. 089,SA,5810,Female,1075240
Katherine Stephens,9640 Lisa Springs,QLD,4301,Undisclosed,6501
Kurt Woods,80100 Thompson Valleys,NSW,2871,Undisclosed,267742
Michael Kirby,37197 Fernandez Roads,VIC,3871,Male,990379
David Davis,0232 Cindy Port,WA,6358,Male,1496516
Harry Lewis,41576 Jessica Hill Apt. 757,VIC,3467,Male,1351108
Natalie Smith,450 Samantha Dam Suite 171,WA,6528,Female,66994
Sean Bartlett,378 Howe Pass Suite 066,QLD,4068,Male,528774
Elizabeth Holland,88887 Richard Freeway Suite 349,WA,6762,Female,948353
Nancy Rice,4876 Jessica Glens Apt. 816,VIC,3738,Female,910758
Walter Collins,1903 Hicks Plains,NSW,1010,Male,620543
Shawn Middleton,482 Nicholson Lakes Apt. 786,WA,6809,Male,857911
Kevin Martinez,5790 Kara Park,SA,5087,Male,691512
Christopher Anderson,04745 Pamela Mews Suite 506,NSW,2076,Male,1285005
Bradley Smith,2101 Joe Run,NSW,2818,Male,75607
Scott Peters,203 Martinez Throughway,WA,6214,Male,1199733
Gregory Mccoy,755 Ramirez Street Suite 974,NSW,2750,Male,897454
Kevin Schaefer,9408 Marie Mews Apt. 632,QLD,4724,Male,1399821
Autumn Jenkins,450 Tiffany Cove Apt. 061,VIC,3873,Female,405816
Clinton Cook,14137 Ford Hills Apt. 713,NSW,2571,Male,793546
Brittany Phillips,09650 Blake Mews,NSW,2790,Female,1470725
Laura Holt,5718 Heather Lane Apt. 087,NSW,1890,Female,1015063
Amy Rios,83499 Hill Vista,SA,5480,Female,696322
Frederick Brown,91088 Kelsey Neck Suite 438,NSW,2295,Male,660224
Aaron Jackson,203 Stephanie Ville,QLD,9002,Male,812739
Amber Burnett,1339 Dalton Ford,WA,6162,Female,1423724
Cassie Carter,176 Harrison Curve Suite 170,NSW,2010,Female,541985
Autumn Taylor,770 Miguel Well Suite 819,NSW,1192,Female,937680
Drew Tucker,370 Ho Roads,VIC,3859,Undisclosed,1406304
Michelle Johnson,314 Angela Fort,VIC,3621,Female,980940
Patrick Reed,101 Peggy Square,SA,5017,Male,1424570
Stephanie Walter,5179 Scott Road Suite 843,NSW,2398,Female,1362837
Kathryn Barrett,651 James Streets,QLD,4105,Female,128536
Nathaniel James,924 Christopher Avenue Apt. 168,VIC,3071,Undisclosed,585062
Laurie Roberts,99998 Parker Land,SA,5231,Female,1465369
Thomas Martin,314 Smith Parks Apt. 790,WA,6970,Male,1400623
Kristine Garcia,8107 Joseph Plain,NSW,2646,Female,1183696
Shannon Lee,90238 Sullivan Summit,NSW,2166,Female,1393612
Nicole Adams,07124 Morgan Alley Apt. 025,VIC,3885,Female,1037313
Maria Taylor,957 Walker Row,VIC,3558,Female,438429
Gregory Ortega,8126 Sara Landing,TAS,7301,Male,1118540
Terry Miller,55177 Rodriguez Lodge,QLD,4125,Male,16890
Brittany Ford,4266 George Mall,NSW,2264,Female,1021573
Gina Jones,390 Hernandez Via,SA,5065,Female,187662
Lindsay Davis,36681 Douglas Shoals Suite 866,WA,6369,Female,958166
Connie Richards,908 Patrick Course Apt. 586,VIC,3808,Female,181037
Frank Bird,3647 Rogers Trail Apt. 076,WA,6985,Male,1153747
Tina Decker,9719 Johnson Islands Apt. 864,VIC,3566,Female,1012046
Melissa Gould,22605 Jackson Pines Suite 809,SA,5139,Female,447847
Kyle Jenkins,2695 Michael Ramp Suite 561,SA,5031,Undisclosed,154984
Brian Pruitt,62223 Margaret Glen Apt. 268,NT,872,Male,278653
Kyle Singh,32242 Espinoza Circles Apt. 568,QLD,4757,Male,686878
Mary Horton,6253 Clinton Square Suite 417,QLD,4009,Female,291617
Carol Smith,75738 Alexis Port Suite 141,VIC,3448,Female,966435
Harry Jones,7586 Alice Spurs,VIC,3013,Male,246235
Alexandra Molina,1281 David Roads Apt. 231,VIC,3612,Female,84103
Justin Johnson,7845 Kenneth Valleys Apt. 138,SA,5131,Male,1641
Melanie Patterson,636 Jones Squares Suite 444,TAS,7015,Female,1138670
Christopher Gilbert,251 Michael Turnpike Suite 263,NSW,2535,Male,666896
Jennifer White,2370 Black Points Suite 084,VIC,3218,Female,778441
Jessica Stephenson,829 Jackson Parkway Suite 757,VIC,3105,Female,1096906
Zachary Hawkins Jr.,9495 Peggy Mission Apt. 963,SA,5161,Male,196131
Gabrielle Jimenez,89153 John Run Apt. 105,VIC,3345,Undisclosed,1047181
Tanner Wright,70793 Melody Wall,NSW,1149,Male,65842
Angela Rocha,5608 Anthony Center Suite 492,QLD,4650,Female,1482696
Lauren Jackson,655 Brett Well Apt. 886,NSW,2661,Female,333565
Gary Kelly,77146 Donna Mission,NSW,2086,Male,957154
Jessica King,494 Janet Mountain Apt. 616,WA,6929,Female,757098
Shelly Ellison,4907 Lisa Fords,WA,6035,Undisclosed,1424552
Ashley Rogers,8425 Teresa Stream Apt. 159,NSW,2356,Undisclosed,1024298
Kathryn Weiss,2643 Mark Estates Suite 984,NSW,2726,Female,861842
Jeffrey Schmidt,13407 Mary Turnpike,VIC,3015,Male,920155
Angie Nunez,94871 Gilbert Shoal Suite 156,NSW,2755,Female,276491
Michael Bray,2722 Jacob Springs,QLD,4178,Male,854980
Adriana Johnson,812 Angela Mountain,NSW,2710,Female,697320
Jared Parks,59805 Stevens Mill,QLD,4228,Male,1400215
Andrea Barber,716 Caitlin Terrace Apt. 692,VIC,3128,Female,1185688
Megan Campbell,54601 Edward Haven,QLD,4488,Undisclosed,930102
Tracy Atkinson,4646 Kimberly Viaduct,VIC,3669,Female,489560
Gary Sullivan,022 John Green Apt. 949,NSW,2118,Male,861361
Claudia Johnson,350 Rodriguez Drive Suite 088,NSW,1655,Female,732349
Brian Powell,8694 Walker Estate Apt. 031,VIC,3447,Male,104044
John Christensen,92509 Virginia Meadow,WA,6157,Undisclosed,606738
Jennifer Harris,904 Odom Heights,NSW,2818,Undisclosed,326518
Seth Munoz,4398 Johnson Villages Apt. 510,WA,6606,Male,456394
Austin Barrett,4671 Rachel Drive,WA,6440,Male,654421
Jeffrey Murphy,33122 Jeremy Alley,QLD,4364,Male,145011
Victoria Terry,19472 Edward Lodge Apt. 778,QLD,4515,Undisclosed,202783
Justin Johnson,538 Jones Glen Apt. 206,QLD,4512,Male,1462034
Michele Doyle,010 Jeremy Springs,WA,6027,Female,397143
Micheal White,597 Jeffrey Estate Suite 291,NSW,2425,Male,966223
Elizabeth Beltran,091 Baird Club,SA,5022,Female,1225308
Kelly Marks,83973 Martin Way,NSW,2050,Female,1336568
Anthony Maldonado,282 Tran Pass Apt. 536,WA,6051,Male,222633
Carl Gregory,8970 Clark Ford Apt. 181,ACT,2616,Male,1242512
Caleb Smith,0011 James Roads Apt. 863,QLD,4754,Undisclosed,1349505
Melissa Nielsen,5358 Jacob Island,VIC,8006,Female,1481839
Lisa Gardner,20023 Lopez Square,QLD,4810,Female,290442
Jennifer Reid,8736 Ashley Port Apt. 227,VIC,3900,Undisclosed,52980
Angela Hull,8437 Green Bridge,VIC,3951,Female,957638
Cole Porter,8708 Travis Ramp Apt. 572,SA,5810,Male,11485
Derrick Morris,56027 Nicholas Glens,SA,5023,Male,629419
April Gonzalez,574 Amy Rest,VIC,3995,Female,556209
Carolyn Brown,653 Nunez Brook,NSW,2329,Undisclosed,233883
Mr. Levi Potter,19553 Wade Shoal Apt. 525,VIC,3190,Male,997328
James Garcia,778 James Branch Suite 304,QLD,4820,Male,1454117
Kimberly Tucker,4883 Kristy Stream,NSW,4383,Female,1428761
Christopher Shea,890 Karen River,QLD,4354,Male,415255
Tracy Yang,9334 Morrow Point Apt. 138,NSW,1597,Female,783945
Jacob Lin,21080 Lane Pike,NSW,1030,Male,588834
John Evans,5847 Butler Estate,VIC,3266,Male,1329298
Matthew Hamilton,6125 Bishop Corner Suite 412,VIC,3434,Male,238405
Stephen Thompson,770 York Valley Suite 757,SA,5107,Male,23141
Ricardo Ochoa,3962 John Park,QLD,4488,Male,1472695
Lorraine Larsen,8468 Ashlee Oval,SA,5244,Female,293569
Marcus Ferguson,009 Cabrera Avenue,SA,5212,Male,425109
Stephanie Lee,13013 Andrea Prairie Apt. 515,VIC,3697,Female,531125
Amanda Erickson,85759 Conner Forges Apt. 381,VIC,3013,Female,769935
Ronald Stanley,84536 Smith Camp,NSW,2012,Male,433303
Terri Santiago,84591 Thomas Falls,NSW,2581,Female,346239
Preston Nicholson,280 Oliver Village Suite 648,VIC,3374,Male,932442
Amanda Scott,146 Kimberly Extension,VIC,3138,Undisclosed,1064310
Robert Soto II,2945 John Village Suite 902,VIC,3950,Male,908516
James Schwartz,773 Clay Keys,SA,5138,Male,811245
Steven Hopkins,125 Jorge Flat,QLD,4160,Male,1440806
Kristy Watson,65403 Davis Plains,NSW,2573,Female,1149613
Anthony Henderson,35653 Jesse Row,WA,6942,Male,429619
Alexa Johnson,70069 Anthony Fork,NSW,2750,Female,1425296
James Pratt,510 Matthew Vista Apt. 508,WA,6000,Male,671166
John Rios,21274 Cathy Mills,WA,6432,Male,197436
Meghan Johnson,07797 Mark Knolls Suite 305,NSW,2141,Undisclosed,325368
Robert Ward,15927 Brent Island Suite 277,WA,6510,Male,592706
Mary Chen DDS,569 Heidi Cove Suite 056,QLD,4364,Female,375979
Jacob Russell,661 Greer Land Suite 992,VIC,3523,Male,940022
Anthony Villarreal,11229 Michelle Spring Suite 429,QLD,4554,Male,1331800
Jenny Ferrell,017 Stewart Path,QLD,4565,Female,847451
Pamela King,561 Cynthia Junction,QLD,4384,Female,1164340
Hailey Hubbard,933 Davis Mall Suite 802,SA,5272,Undisclosed,818952
Maria Sullivan,9983 Smith Crossroad Apt. 560,ACT,2607,Female,586687
Kristin Howard,5233 Christopher Fords,NSW,2453,Female,931277
Kathleen Sanders DDS,0802 King Stravenue,WA,6425,Female,1043069
Kristin Johnson,405 Miles Grove,VIC,3387,Female,496087
Stephanie Cherry,761 William Expressway,NSW,1010,Female,1136115
Charles Potts,998 Owens Loaf,NSW,1159,Male,105022
Dorothy Bush,550 Caitlin Pines,VIC,3688,Female,118008
Anthony Brown,9307 Green Isle,WA,6124,Male,989138
Michael Marshall,610 White Prairie Suite 646,VIC,3788,Male,533913
John Young,61971 Robert Overpass Suite 827,NSW,2701,Male,1221087
Bryce Tapia,8635 Randy Lodge Suite 748,NSW,2628,Male,426658
Gary Ortiz,216 Johnny Locks Suite 623,TAS,7050,Male,756324
Matthew Mayer,7597 Soto Parkways,QLD,4815,Male,1159070
Monique Ward,6999 Levy Fort,NSW,2809,Female,749811
Crystal Davis,1564 Stephanie Spur Apt. 400,WA,6126,Female,1245186
Jason Nelson,9199 Hammond Square,NSW,2733,Male,201839
Tammy Melton,644 Sherman Lake,QLD,4304,Undisclosed,10289
Oscar Gutierrez,9146 Garcia Orchard Apt. 841,VIC,3155,Male,816233
Samuel Koch,6963 Suzanne Vista Suite 387,VIC,3669,Male,1477991
Danielle Bonilla,79422 Stewart Terrace,VIC,3869,Undisclosed,571416
Lori Brown,941 Brown Mountain Suite 627,QLD,4713,Female,93277
Gregory Lopez,58901 Watson Isle,QLD,4496,Male,981521
Yvonne Kelley,233 Jonathan Village,VIC,3420,Female,890802
James Ayala,1211 Salazar Islands Apt. 825,WA,6239,Male,1354354
Julie Davis,8308 Albert Points,NSW,2114,Female,77621
Mark Holt,3404 Victoria Trafficway,NSW,2456,Male,1054443
Erika Clarke,365 Payne Crest,NSW,2705,Female,119904
Megan Cooper,96638 Jones Lock Suite 282,WA,6429,Female,293656
Ryan Rodriguez,025 Powell Key,NSW,2145,Undisclosed,625277
Dennis Terry,76777 Christine Camp Apt. 234,NT,834,Undisclosed,438237
Christopher Lopez,841 Savage Inlet,TAS,7256,Male,15345
Richard Acosta,3465 Adams Expressway Apt. 280,NSW,2899,Undisclosed,1090269
Sean Murphy,466 Berry Park,WA,6522,Male,968913
Adam Hicks,10415 Michael Turnpike,NT,837,Male,1033845
Eugene Harmon,0773 Glenn Drives,VIC,3624,Male,950156
Kimberly Thomas,47055 Daisy Fort Apt. 673,WA,6368,Female,577121
Melissa Berry,1481 Kimberly Pass,WA,6627,Female,718727
Leonard Faulkner,9150 Bradley Cliffs,VIC,3635,Male,1359070
Danny Rivera,674 Lara Islands,NSW,2707,Male,791567
Justin Chavez,64759 Douglas Cove Suite 111,NSW,2333,Male,295127
Michael Miller,90303 Kevin Forges,VIC,3594,Male,1368192
Linda Palmer,18211 James Lodge Suite 893,NSW,2822,Undisclosed,1091955
Jessica Stokes,792 Robert Light,WA,6252,Female,1173624
Dennis Hodges,717 Jessica Cove,VIC,3104,Male,814133
Daniel Henson,39526 Kristi Point,QLD,4035,Male,433056
Holly Wood,000 Carol Forges,VIC,3419,Female,80542
Eric Cox,8475 Jenna Road,NSW,1298,Male,847260
Amy Duncan,495 Steven Loop Apt. 717,WA,6004,Female,1213213
Kristina Lang,8196 Lin Manor Apt. 804,TAS,7292,Female,606476
Michele Sellers,43989 Lewis Junctions,NT,860,Female,1385289
Carolyn Livingston,115 Devon Mills,NSW,2536,Female,393707
Dakota Frazier,69488 Donald Station,NT,909,Undisclosed,333387
Cheryl Jackson,19589 Stewart Plaza Suite 661,WA,6761,Female,1212268
Leslie James,3623 Lewis Village,SA,5173,Female,531911
James Miller,80938 Brown Summit,SA,5631,Male,29301
Amy Higgins,031 Martin Vista,NSW,2464,Female,105740
Lisa Barker,397 Daugherty Divide Suite 855,QLD,4704,Female,1366773
Angela Davis,12846 Mullins Stream Apt. 319,VIC,3242,Female,1391745
Joseph Dunn,51253 Molly Route Apt. 901,VIC,3312,Male,521844
Stanley Higgins,93971 Taylor Point,QLD,4103,Male,181847
Lindsey Yang,9280 Brown Valley,VIC,3786,Female,565414
James Hartman,323 Amber Mount,NSW,2229,Male,875545
John Wong,183 Timothy Light Apt. 337,VIC,3570,Male,600174
Ernest Baxter,2623 Patel Spring Suite 571,TAS,7150,Undisclosed,258232
Anthony Haynes,4144 Debra Forge,NSW,1171,Male,34342
Carrie Lopez,001 Michael Stream,SA,5374,Female,381501
Steven Luna,71016 James Rapid Apt. 966,QLD,4869,Male,309352
Mr. John Harris,14812 Joann Squares,WA,6084,Male,693715
Hannah Rivera,42922 William Row,WA,6375,Female,266964
Joel Mccullough DDS,6128 Amanda Valleys,NSW,2346,Male,119824
Nicole Lowe,31455 Singh Centers Suite 804,WA,6057,Female,102550
Tyler Smith,831 Laurie Villages,NSW,1148,Male,1347423
Phillip Jenkins,57207 Susan Squares,SA,5734,Male,408761
Kari Phillips,3358 Brian Summit,VIC,3477,Female,1381144
Melissa Davidson,983 Morrow Meadow Suite 700,WA,6616,Female,1242845
Spencer Foster,7503 Taylor Springs Suite 618,NSW,2669,Male,566244
Steven Benson,2938 Baker Highway,WA,6370,Male,180228
Robert Padilla,445 Griffith Cove Suite 224,WA,6326,Male,572939
Lori Ross,5601 Brittany Falls,NSW,2725,Female,92121
Jessica Roberts,644 Johnson Place,NSW,1805,Female,653621
Carrie Blackwell DVM,9879 Pearson Pine Apt. 195,QLD,4557,Female,48231
Pamela Clements,39499 Larson Loop Suite 224,TAS,7006,Female,123978
Brett Baker,462 Young Keys,WA,6077,Male,1489700
Richard Spencer,36273 Amber Knoll,NSW,2455,Male,1307144
Anne Hall,7337 Jeffrey Orchard,NSW,2644,Female,1197060
Eric Hurst,789 Smith Junction,NSW,2783,Male,1039200
Sherri Robinson,40349 Frederick Cliffs,VIC,8006,Female,1166806
James Turner,63007 Levine Meadows Apt. 192,WA,6057,Male,577980
Jonathan Maxwell,28321 Dean Curve Suite 692,WA,6506,Male,575172
James Cox,851 Elizabeth Divide,WA,6384,Male,97224
Michelle Chavez,67361 Megan Mews,WA,6944,Female,110805
Debra Everett,47484 Ritter Shores,WA,6244,Female,49609
James Sims,2470 Robinson Bypass Apt. 943,VIC,3659,Undisclosed,893494
Tommy Salazar,8167 Ray Shoals,NSW,2022,Male,591464
Jeffrey Franklin,960 Jessica Ford Apt. 263,WA,6163,Male,196573
Dustin Rogers,8437 Wagner Street,NSW,1175,Male,618070
Kristen Sanchez,650 Laura Locks,WA,6907,Female,514753
William Johnson,1297 Ingram Bridge,WA,6395,Undisclosed,54468
Christopher Cooper,67714 Ross Mission,VIC,3591,Male,1329464
Matthew Ochoa,841 Henderson Walks,NSW,1136,Male,1496720
Veronica Davis,40103 Eduardo Courts Apt. 921,WA,6352,Female,985826
Dave Patterson,995 Julie Hills,NSW,2011,Male,1359555
Brenda Powers,5258 Wiggins Causeway,WA,6572,Female,917740
Charlotte Mckay,68753 Jonathan Square,VIC,3927,Undisclosed,1347030
Danielle Le,059 Harvey Ramp,NSW,2431,Female,1128751
Erin Miller,5210 Jeffrey Corner Apt. 501,VIC,3293,Undisclosed,1251938
Jesse Carter,8154 Lisa Cape,NSW,1173,Male,1141964
James Brown,699 William Heights,NSW,2395,Male,300064
Austin Jackson,4946 Tom Fields,NSW,2806,Male,511371
Anita Jefferson,2099 Clark Orchard Suite 722,WA,6351,Female,43145
Patricia Poole,3103 Laura Stream,NSW,1141,Female,8278
Katrina Hernandez,252 Brenda Meadow,NSW,2727,Female,1185071
Michelle Allen,63565 Shelton Divide,NSW,2575,Female,1111669
Neil Jones,1412 Taylor Lodge Suite 416,VIC,3241,Undisclosed,264065
Jessica Spears,222 Rivera Forge Suite 049,SA,5309,Female,1048149
Gabrielle Nichols,27617 Johnson Union Suite 980,NSW,2342,Female,823862
Ryan Wong,2374 Michael Plain Suite 997,QLD,4501,Undisclosed,275132
Laura Gamble,82832 Eaton Turnpike,WA,6211,Female,852327
Brian Lee,6360 Smith Route Suite 695,SA,5322,Male,784172
Vincent Estes,9870 Travis Lane Apt. 218,VIC,3000,Male,1145708
James Jenkins,1141 Angela Points Suite 186,NSW,1191,Male,537594
Richard Beltran,80300 Joseph Villages Apt. 174,NSW,2117,Male,276760
Shannon Bailey,99092 Winters Keys,NSW,2454,Female,1193516
Vanessa Blanchard,305 Steven Lake,SA,5074,Female,1218513
Michael Gonzales,1789 Kimberly Cliffs,TAS,7016,Male,1217226
Brian Barnett,1467 Riley Manors Apt. 541,WA,6282,Male,1194399
Holly Lang,32918 Nicole Run Suite 303,WA,6237,Female,743886
Zachary Gibson,788 Rachel Alley,QLD,4566,Undisclosed,1311469
Cindy Fletcher,7929 Harris Cliff Apt. 368,QLD,4420,Female,203763
Alicia Blake,404 Timothy Vista Suite 925,VIC,8066,Female,713487
Molly Carroll,34210 Walker Field Apt. 901,VIC,3984,Female,1389704
Michael Martin,7237 Kyle Canyon Apt. 989,SA,5150,Male,1260621
Gerald Swanson,48964 Garcia Ports Suite 382,NSW,2587,Male,196432
Carlos Porter,2621 Smith Mission Apt. 631,QLD,4125,Male,917765
John Wheeler,1674 Michelle Forest,VIC,3464,Male,99670
Christopher Brown,1176 Angela Hill,WA,6711,Male,1187567
Matthew Gutierrez,3737 Jamie Spring,NSW,1126,Male,256693
Christopher Williamson,158 Nathaniel Mountains,WA,6227,Male,770992
Holly Fuentes,54241 Morgan Spring,NSW,1205,Female,358646
Ronnie Martinez,3389 Elizabeth Forest,SA,5047,Male,968560
Michael Moreno,828 Jennifer Hills,WA,6489,Male,46790
Gary Smith,299 Stevenson Trail Suite 865,VIC,3068,Male,1058741
John Wilson,42107 Heath Wells,WA,6056,Male,289656
Steven Williams,2978 Pennington Tunnel,NSW,2655,Male,346339
Terry Montgomery,108 Thomas Island,VIC,3501,Undisclosed,599516
Keith Vincent,05613 Hines Flats,NSW,1830,Male,669994
Michael Baird,346 Jeffrey Valleys Apt. 504,QLD,4154,Male,1256063
Michael Howell,9392 Moran Plains,NT,870,Male,797377
Jill Phillips,585 Pearson Cliff,VIC,3002,Female,755284
Chad Hoover,8980 Amber Station,QLD,4852,Male,1484369
Emily Watkins,5923 Jason Rest,QLD,4471,Female,415029
David Stevens,3621 Horton Gateway,NSW,1465,Male,326299
Kristen Owen,0712 Catherine Manor,TAS,7262,Female,1321388
Michael Payne,00765 Jackson Port Apt. 235,QLD,4719,Male,616295
Mark Escobar,99126 Robert Centers,VIC,3300,Male,1336424
Kimberly Graves,50652 Holmes Valleys,SA,5502,Female,83397
Michelle Davis,643 Herrera Club Suite 707,NSW,1222,Female,460913
Shari Hampton,85111 Shelby Point,VIC,3154,Female,1449655
Jeffrey Anthony,330 Porter Roads,NSW,2320,Male,623763
Anne Keller,698 Matthew Pike Apt. 273,NSW,2126,Female,344956
Daniel Heath,6645 Yvonne Road,NSW,1790,Male,988995
Donald Bennett,6393 Warren Ranch Suite 281,NT,870,Male,1102679
Heather Taylor,8744 David Lane Suite 358,VIC,3156,Female,795011
Christopher Hughes,30299 Martin Bridge,SA,5653,Male,462489
Carlos Cannon,449 Tanya Falls Apt. 679,NSW,2448,Male,865785
Richard Powers,16805 Nelson Hills,SA,5730,Male,386069
Mathew Gordon,6817 Arnold Groves,QLD,4481,Male,1233368
Marcus Conner,7925 Colton Stream,WA,6041,Male,339212
Justin Adams,252 Deborah Summit,WA,6970,Male,1363627
Jennifer Morrison,064 Massey Cape,NSW,1851,Female,1391724
Sue Brown,43809 Elliott Islands Suite 048,TAS,7249,Female,119921
Diamond Cohen,90821 Melissa Keys,SA,5502,Female,1100195
Richard Dudley,22057 Dawn Estates Suite 940,WA,6082,Male,965429
Kimberly Sanchez,0651 Richard Unions Apt. 451,SA,5332,Female,1036857
Erin Gonzalez,3780 Alex Village Apt. 606,NT,813,Female,72270
Jeremy Jennings Jr.,827 Nathan Branch Suite 424,VIC,3871,Male,995458
Dawn Bell,77967 Marissa Springs Apt. 503,TAS,7316,Female,1156334
Danielle Shelton,215 David Drive Apt. 988,NSW,1120,Female,1454910
Michael Lopez,356 Lynch Ville Apt. 876,NSW,2567,Male,555596
Yolanda Werner,203 Shaw Pike Suite 779,QLD,4503,Female,1260513
Kirk Mckenzie,0523 Chris Shore,VIC,3950,Male,679197
Karen Phillips,389 Tami Parkways Apt. 323,VIC,3910,Female,677531
Tyler Dunn,687 Tara Glens Suite 065,VIC,3551,Male,188359
Megan Thomas,939 Nicole Rapid Suite 061,QLD,4800,Female,219366
Keith Russo,49748 Ann Ways Suite 689,VIC,3173,Male,858575
Stephanie Perez,344 Erin Harbors,SA,5236,Female,535950
Gina Velazquez,2923 Taylor Square,QLD,4416,Female,1286659
Cindy Smith,59088 Rodriguez River,WA,6521,Female,406668
Sean Bennett,3484 Christina Flats Suite 133,QLD,4352,Male,373580
Brittney Wilson,638 Daniel Club Suite 745,WA,6076,Female,539854
Tammy Howard,74187 Theodore Mountains Suite 181,VIC,3107,Female,379117
Mark Page,80929 Christopher Mountain,QLD,4563,Male,552489
Sabrina Brown,782 Paula Avenue Suite 931,QLD,4612,Female,987252
Jacqueline Lawson,9558 Smith Ferry Apt. 018,SA,5202,Female,800578
Karen Pena,895 Anthony Glen Apt. 793,QLD,4744,Female,1384440
Kimberly Jordan,69974 Joseph Crescent,SA,5322,Female,1422736
Paul Smith,5575 Smith Island,QLD,4174,Male,1226143
Robert Montoya,201 Mitchell Mountains,QLD,4347,Undisclosed,114450
Allison Alvarez,6295 Theresa Pines,NSW,2069,Female,468958
Yvonne Rodriguez,5170 Amanda Loop,VIC,3552,Female,872583
Michael Watson,08898 Daniel Keys,WA,6507,Male,279663
Jose King,87848 Manuel Shoal Suite 400,NSW,2319,Male,1020878
Travis Hanson,79599 Daniel Crescent,NSW,1154,Male,488734
Summer Hardin,3541 Mills Alley,VIC,3958,Female,469085
Shane Little,0021 Nicholas Pike Suite 507,NSW,2124,Male,1425862
Nathan Ponce,27000 Joshua Trafficway Apt. 096,SA,5502,Male,1269647
Katherine Smith,043 Christopher Trail,NSW,1835,Female,1312324
Ronald Conner,79168 Hill Mountains,SA,5417,Male,806131
Jessica Chavez,768 Mitchell Junctions Suite 291,QLD,4107,Female,687496
Matthew Ingram,20730 Lee Creek Suite 588,VIC,3616,Male,1161678
Christopher Erickson,004 Tammy Corners Apt. 617,VIC,3639,Male,1438877
Jimmy Thompson,2003 Young Estates,QLD,4021,Male,1136173
Dominique Jones,995 Cheyenne Cove,VIC,3000,Female,1173750
Adam Davis,3056 Frederick Key,VIC,3505,Male,784865
Michael Le,91069 Christopher Village Suite 129,WA,6356,Male,946620
Jennifer Davis,887 John Isle,NSW,2506,Female,181242
Tyler Pennington,2279 Krystal Ford Apt. 898,VIC,3713,Male,964650
Amy Ward,818 Haas Way,NSW,2482,Female,859113
Joseph Haley,47466 Acevedo Overpass Apt. 432,NSW,2154,Male,468540
Corey Pearson,372 James Station Suite 439,WA,6239,Male,1304631
Timothy Shields,401 Huffman Falls,WA,6229,Male,546744
Dean Gonzalez,010 Patricia Motorway Suite 984,WA,6104,Male,241671
Jessica Garcia,93641 Davis Junctions Apt. 771,VIC,3704,Female,783073
Crystal Velez,616 Michael Viaduct Suite 998,SA,5039,Female,920061
Steven Ferguson,33300 Russell Squares,SA,5166,Male,1104665
Erika Paul,6131 Jeffery Island Suite 777,ACT,2905,Undisclosed,1147594
Brittany Simmons,678 Wood Harbors Suite 802,SA,5353,Female,1175774
Alicia Smith,3677 Amy Place Suite 704,WA,6100,Female,562269
Michael Pierce,8027 Johnson Curve Apt. 137,NSW,2145,Male,534455
Barbara Cooper,769 Wong Wall,VIC,3003,Female,1095831
Victoria Chandler,128 Holt Inlet,WA,6065,Female,707400
Jordan Terry,61823 Diaz Unions Suite 243,WA,6253,Female,1071775
Michael Benitez,93484 Ryan Mountain Apt. 067,SA,5237,Male,1028144
Joshua King,89847 Destiny Lodge Suite 996,NSW,2287,Male,1201489
Angela Cordova,728 Williams Road Apt. 205,NSW,2293,Female,1181986
Jodi Welch,4565 Holland Coves,QLD,4343,Female,826180
Laura Daniels,1851 Sosa Islands Apt. 908,QLD,4798,Female,1247110
Wendy Hansen,0256 Clark Shoals Apt. 564,NSW,2462,Female,1109944
Lance James,62685 Roberto Mountains,SA,5301,Male,204961
Hector Lee,8076 Barber Islands,SA,5416,Male,1152770
Ricardo Harrington,03792 Williams Fords Suite 292,VIC,3076,Male,989916
Lucas Fernandez,162 John Walks,VIC,3735,Male,899969
Judith Rodgers,32941 Krista Parks Suite 921,WA,6440,Female,798886
Robin Gonzalez,94674 Phillips Vista,WA,6926,Female,1378285
Billy Barnes,2493 Reyes Garden,SA,5085,Undisclosed,186953
Alicia Jimenez,097 Monica Mill Suite 288,VIC,8009,Female,59124
Nichole Miller,67725 Bennett Squares Suite 416,SA,5106,Female,1250882
John Gregory,8976 Michael Station Apt. 402,QLD,4365,Male,54366
Stephanie Cruz,40322 Russell Alley Apt. 886,SA,5153,Female,112498
Daniel Harrell,2874 Angela Locks Apt. 878,QLD,4508,Male,121343
Erica Fletcher,396 Cannon Extensions Apt. 939,NSW,2840,Female,1137873
Michael Crawford,239 Stanley Knolls,VIC,3865,Undisclosed,897049
Gabriela Scott,84672 Soto Locks Suite 545,WA,6421,Female,32362
Jamie Johnson,77448 Frank Isle,NSW,2283,Undisclosed,571541
Andrew Bennett,55513 Rodriguez Summit,NSW,2305,Undisclosed,658265
Mark Anderson,66920 Jordan Centers Suite 626,VIC,3061,Male,643567
Sandra Olson,757 Steven Burg Apt. 106,NSW,1140,Female,1397592
Patricia Ibarra,642 Patel Overpass Apt. 214,NSW,1465,Female,1228869
Jerome Oneill,1236 Nancy Neck Suite 339,VIC,3858,Undisclosed,414
Rebecca Johns,91063 Ford Prairie Apt. 410,QLD,4374,Female,669945
Savannah Brown,7208 Duncan Terrace Suite 274,TAS,7467,Female,640989
Paul Sanders,766 Jordan Motorway,SA,5158,Male,626053
Paige Lyons,71902 Thompson Square Suite 494,VIC,3546,Female,1185439
Anthony Lowery,41349 John Locks,NSW,1219,Male,425586
Carolyn Aguilar,81122 Tyler Prairie,WA,6011,Female,988292
Christopher Chan,245 Parks Mews,NSW,1860,Male,742733
Richard Butler,452 Virginia Brook,VIC,3321,Male,1128841
Jonathan Fleming,642 Ellis Loaf,WA,6367,Male,528555
Karen Wyatt,15021 Evans Shore,WA,6489,Female,456149
Allen Williams,1809 Brittany Forest,NT,854,Undisclosed,1487700
Robert Torres,38656 Angela Valleys Suite 766,VIC,3724,Male,522552
Mr. Scott Ford DDS,4502 Roberts Terrace,VIC,3054,Male,1386188
Michelle Schwartz,64734 Kenneth Overpass,QLD,4305,Female,74091
Christopher Williamson,13525 Tonya Highway,QLD,4313,Male,475173
Nicole Rodriguez,58500 Paul Mountain Suite 328,SA,5005,Female,393555
Jennifer Walters,99862 Holland View,NSW,1149,Female,1444520
John Price,624 Dunn Harbor,SA,5580,Male,429374
Diane Park,857 Atkins Walks Apt. 001,NSW,1685,Undisclosed,1140214
Michael Hughes,6838 Spencer Ford Apt. 384,VIC,3084,Male,1322629
Brian Sims,585 Knight Crossroad Suite 717,NSW,2585,Male,1415742
Denise Mcmahon,97463 James Mills Apt. 214,WA,6711,Undisclosed,1243913
Kenneth Floyd,2734 Mcneil Keys Apt. 187,TAS,7322,Undisclosed,678666
Patricia Sanchez,73163 Bond Ferry Suite 490,VIC,3049,Undisclosed,777367
Jacob Caldwell,9613 Tony Harbors,NSW,2481,Male,641814
Gene Harris,607 Moody Rest,QLD,4855,Male,245060
Robert Gregory,16259 Smith Landing,WA,6837,Male,1038546
Christopher Roberts,118 Darius Mission,VIC,3487,Male,466125
Margaret Fischer,29965 Michelle Pine,SA,5260,Undisclosed,1462823
Joshua Avila,406 Brown Street Apt. 292,WA,6841,Male,1162158
Randy Silva,8776 Lisa Passage,SA,5582,Male,95972
Cody Hudson,058 Donald Trafficway Apt. 029,WA,6892,Male,1097662
Brandy Day,647 Jeremiah Harbors,QLD,4344,Female,491729
Joshua Pugh,808 Anthony Knolls,QLD,4371,Male,1220571
Alison Gutierrez,802 Joshua Walk,VIC,3165,Female,125975
Thomas Wang,5458 Anna Junctions Suite 210,NSW,2312,Male,131251
Ashley Perez,59159 Duncan Spur,NT,886,Female,609291
David Merritt,0328 Miller Turnpike,NSW,2485,Male,746717
Larry Gibson,95818 Rivers Stream,NSW,1470,Male,426592
James Ford,513 Michael Lock Suite 212,NSW,2220,Male,513604
Natalie Miller,5003 Henry Prairie Apt. 136,NSW,2379,Female,1057909
Deborah Johnson,59092 Morgan Village Suite 282,NSW,2023,Undisclosed,743197
Natalie Bell,02756 Mccullough Well,QLD,4073,Female,1313380
Johnny Lopez,08723 Watts Pine Suite 380,WA,6428,Male,771503
Patricia Holland,88982 Wallace Wells,QLD,4069,Female,331284
Dana Cummings,4756 Melissa Fields Suite 391,NSW,2294,Female,551019
Cindy Todd,3042 Little Courts,WA,6125,Female,675697
Dale Anderson,0293 Jacob Island,NSW,1027,Male,1176509
Matthew Wolf,8821 Warren Valley,VIC,3351,Male,593802
Stephanie Cortez,751 Cameron Plaza,NSW,2142,Female,1037014
Amanda Long,1746 Wang Greens,WA,6052,Female,1290814
Michael Morgan,19995 Kevin Well Apt. 598,NT,830,Male,1345165
Kim French,750 Baker Camp Suite 305,VIC,3024,Female,1364581
Erin Bartlett,88666 Young Isle Apt. 980,QLD,4467,Female,660034
Brenda Hooper,812 Marquez Ford,WA,6438,Undisclosed,1450330
Arthur Waller,995 Cole Mount,VIC,3006,Undisclosed,1017382
Rebecca Perez,7399 Smith Mission,NSW,2452,Female,1041361
Elizabeth Trujillo,31751 Bell Run Apt. 602,WA,6357,Female,1225291
Mr. Benjamin Watkins PhD,387 Gary Mountain Suite 580,VIC,3025,Male,882120
Joel Johnson,60369 Thomas Port,WA,6253,Male,406439
Eric Duarte,30592 Melissa Parkway,VIC,3268,Male,897838
Julie Carter,4010 Hernandez Road Apt. 666,NSW,2337,Female,1387553
Anita Aguilar,98105 Reed Loaf Suite 290,WA,6330,Female,1270740
Jennifer Adams,396 Sanders Path,TAS,7467,Female,116269
Maria Simmons,8952 Ruben Way,VIC,3804,Female,939053
Sarah Copeland,781 Floyd Spring Suite 045,WA,6924,Female,1075970
Sarah Daniel,9686 Abigail Knolls,NSW,2669,Undisclosed,1379209
Jason Combs,5695 Dustin Views Apt. 829,VIC,3988,Male,716910
Johnny Murphy,5132 Michael Lakes,NSW,1125,Male,361107
Raymond Parks,950 Howard Dam,NSW,2729,Undisclosed,84092
Amber Wilson,70166 Victoria Street Suite 367,WA,6302,Female,444878
Amanda Cordova,86427 Sarah Meadows Suite 106,QLD,4884,Female,593667
Amy Guerra,550 Richardson Harbor,VIC,3075,Female,864046
Melissa Kim,81083 Barbara Terrace Apt. 320,VIC,3882,Female,136781
Luis Young,776 Zachary Landing,VIC,3937,Male,958472
Sharon Yang,23905 Rebecca Crossroad,SA,5601,Female,759038
Christopher Brown,5797 Smith Inlet,NSW,2341,Male,739155
Lauren Tucker,27411 Brent Corner,NSW,1229,Female,258506
Kimberly Sawyer,8724 Lawrence View Apt. 890,VIC,3758,Female,1297240
Jennifer Herman,7553 Wright Stream,NSW,2535,Undisclosed,828059
Patrick Scott,63921 Emily Circle Suite 029,VIC,3778,Male,1487003
James Hensley,0942 Smith Grove,WA,6511,Male,641917
Yesenia Woods,3979 Cisneros Island,QLD,4891,Female,1309155
Tiffany Bond,1363 Justin Ville Suite 305,VIC,3139,Female,1483336
Phyllis Freeman,095 Park Rapids,SA,5464,Female,804567
Christopher Hanson PhD,9162 Miller Parkways,SA,5159,Male,302340
James Nelson,4453 Kara Squares,NSW,2628,Male,938255
Jermaine Phelps,467 Diaz Glens,TAS,7006,Male,640124
Ryan Bautista,0645 Jeremy Rapids,TAS,7012,Male,594363
Barbara Porter,88612 Heather Shore Apt. 357,VIC,8006,Female,1307882
Megan Holmes,0947 Justin Springs,VIC,3086,Undisclosed,1114621
Scott Simmons,0243 Dudley Plains,TAS,7215,Male,95412
Tammy Hopkins,8954 Kathryn Loaf Apt. 658,TAS,7025,Female,356772
Edwin Bonilla,451 Carroll Knolls,VIC,3926,Male,37421
Caitlin Hill,300 Hammond Bridge,VIC,3695,Female,11028
Melinda Weiss,574 Cox Isle,VIC,8071,Female,26704
Edward Cook,39785 Cobb Gateway,NSW,2529,Male,302556
Eric Adams,996 Holly Valleys Apt. 529,SA,5140,Male,584159
Susan Pierce,2298 Todd Turnpike,NSW,2333,Female,1130894
Christopher Craig,762 Paul Fields Apt. 212,NSW,2079,Male,1041488
Candice Cruz,461 Kelly Mountain Suite 412,VIC,3788,Female,327887
Heidi Johnson,5213 Mcgrath Squares Apt. 427,WA,6010,Female,614755
Steven Mitchell,4200 Cruz Center,NSW,1811,Male,1377541
Jeremy Jones,1673 Sanchez Alley,VIC,3044,Male,1368026
Ashley Smith,8503 Andrade Vista Apt. 318,QLD,4732,Female,1375043
Charles Pineda DDS,652 Wyatt Course Suite 007,NSW,2118,Male,416428
Robert Sherman,94266 Gomez Courts Apt. 754,NSW,1207,Male,1283191
Steven Graham,345 Kathryn Island,WA,6958,Male,800621
Frank Herrera,536 Jose Tunnel,VIC,3775,Male,600445
Mark Ferguson,4236 Cannon Prairie,NSW,2173,Male,622751
Kari Reed,861 Douglas Branch,NT,814,Undisclosed,988699
Matthew Gregory,65500 Alexander Land Apt. 652,VIC,3946,Undisclosed,886300
Mark Carrillo,794 Patrick Overpass,QLD,4887,Male,61040
Kimberly Smith,2422 Leslie Coves Apt. 679,WA,6322,Female,836374
Tony Friedman,6971 Colleen Overpass,NSW,1004,Male,18161
Kristina Park,0146 Patrick Trail,VIC,3544,Undisclosed,1119996
Loretta Porter,7486 Dakota Field Suite 554,NSW,2002,Female,904717
Jane Collins,4959 Johnny Ports Apt. 929,NSW,1005,Female,1420873
Marcia Velez,30283 Joanna Union,VIC,3889,Female,523904
Frank Foster,09967 Cynthia Wells,VIC,3502,Undisclosed,795141
Brad Williams,963 Katrina Trafficway,SA,5411,Male,700112
Marilyn Monroe,3145 Tony Mills,VIC,3415,Female,392931
Kelly Bryant,7814 Aguirre Course Apt. 800,NSW,2072,Female,511441
Rita Sanchez,52391 Craig Valleys Suite 543,VIC,3900,Female,455000
Joanna Pope,6246 Smith Plaza,VIC,3442,Female,215994
Melissa Collins,704 Earl Route Apt. 962,QLD,4415,Female,642775
Sara Watson,834 Hogan Neck,VIC,3805,Female,800597
Travis Gonzalez,27925 Morris Ramp,VIC,3433,Male,97707
Alexandra Cobb,9884 Lynch Forest,WA,6718,Undisclosed,1125166
Rhonda Moore,720 Ochoa Fall,NSW,2525,Female,666284
Suzanne Edwards,4709 Thomas Tunnel Suite 879,WA,6367,Female,164346
Michelle Lynch,22252 Lauren Spur,WA,6531,Undisclosed,1387611
Christopher Johnson,3185 Michael Course,VIC,3789,Male,1369531
John Hendricks,52970 Ronald Trafficway,NSW,2508,Male,2164
Jerry Rodgers,765 Ariana Squares Suite 281,WA,6503,Male,828820
Leslie Graham,900 Ricky Points,VIC,3023,Female,28273
Melissa Burgess,888 Davis Knoll Suite 667,WA,6981,Female,1491697
Katrina Cruz,6831 Justin Club Apt. 218,NSW,1237,Female,801003
Jay Cook,7111 Amber Trail Suite 701,WA,6960,Male,582550
Heather Lewis,95801 Smith Courts,SA,5240,Female,245984
Kim Taylor,8126 Beck Forks Suite 054,NSW,2753,Female,945822
Jordan Walker,223 Petersen Terrace Apt. 246,NSW,2163,Male,1013594
Bryan Park,28146 Todd Ranch Suite 788,NSW,1192,Male,826414
Nichole Ellis,1538 Jones Springs,NSW,2175,Female,440715
Judy Jensen,495 Washington Fort,QLD,4130,Female,724907
Corey Lane,99769 Trevor Fall Apt. 848,NSW,2211,Undisclosed,980303
Mr. Willie Miller,45930 Cook Alley Apt. 651,WA,6393,Male,1489553
Dillon Harrison,8583 Phillips Point,NSW,2804,Male,3724
Gina Hicks,61325 Brown Stravenue Apt. 474,QLD,4732,Female,354604
Ashley Campos,3743 Christopher Wall Apt. 978,QLD,9001,Female,1056126
Laura Leonard,60578 Harrison Highway Suite 090,VIC,3219,Female,600743
Michael Reid,665 Charles Crossroad,WA,6934,Male,843304
Stephen Clarke,106 Perkins Spring,VIC,3193,Male,892568
Matthew Gordon,483 Pamela Row Suite 162,WA,6359,Male,328875
Daniel Smith,30381 Lisa Locks,NSW,2404,Male,1131283
Alexander Brown,6871 Young Orchard Apt. 299,NSW,2159,Male,17370
Ashley Shepherd,5725 Sanders Spring Suite 327,NSW,1187,Female,171003
Rachel Diaz,19753 Hernandez Forks Suite 509,VIC,3444,Female,1394736
Betty Campbell,33776 Jonathan Tunnel,WA,6000,Female,1004537
Diana Barnes,812 Snyder Hill Apt. 646,VIC,3187,Female,794035
Jessica Martinez,35268 Klein Trail Suite 605,WA,6056,Female,171134
Joseph Nguyen,0386 Simpson Gardens Suite 870,SA,5278,Undisclosed,1097961
Luis Morales,342 Robin View Apt. 499,QLD,4558,Male,863350
Denise Mullins,7163 Jackson Lane Suite 764,NSW,1170,Female,1275585
Christian Ellison,2968 Dawson Road,VIC,3711,Male,1281677
Joseph Hunt,160 Smith Route Suite 124,VIC,3450,Male,1083929
Lauren Cruz,25167 Sutton Estate,NT,852,Female,901671
Larry Owen,885 Bentley Mission Suite 084,QLD,4885,Male,715501
Marvin Green,856 Bailey Causeway Suite 356,VIC,3068,Male,1057751
Jennifer Davis,984 Lee Trail,VIC,3059,Female,709719
Carla Whitney,766 Fischer Roads Apt. 584,WA,6435,Female,427024
Ryan Shields,16556 Daniel Highway Apt. 483,QLD,4129,Male,1334402
Gregory Hall,958 Richard Field,NSW,2151,Male,513077
Kelsey Smith,4357 Powers Track,NSW,2000,Female,1048565
Brandon Barnes,84595 Jeffery Freeway,NSW,2303,Male,2614
Chelsea Crane,078 Gary Club Apt. 343,VIC,3271,Female,652985
Lauren Tucker,0600 William Lock,NSW,1335,Female,887129
Thomas Small,3503 Jamie Drives Apt. 113,WA,6912,Undisclosed,1395711
Chad Castro,3067 Lewis Ramp Apt. 107,VIC,3762,Male,278293
Richard Barber,4875 Stephanie Mission,WA,6082,Male,572478
Nicole Schmitt,12479 Kathy Junctions Apt. 225,QLD,4515,Female,221046
Lori Eaton,974 Price Course Apt. 418,VIC,3699,Female,1089059
Kristin Short,44036 Steven Roads,VIC,3783,Female,119934
Steven Thompson,59456 Shelby Greens,NSW,2153,Male,1339009
Alejandra Harris,7929 Chandler Squares,QLD,4701,Female,1271311
Brenda Martin,6408 Gilmore Bypass Apt. 185,QLD,4313,Female,1306412
Rebecca Allen,9262 Erik Flats Apt. 608,NSW,1183,Female,1455424
Dr. Juan Cabrera,12382 Cruz Loop,SA,5121,Male,874374
Stacy Carter,7313 Kim Causeway Suite 624,VIC,3934,Female,1296809
Cynthia Conley,907 Roberts Summit Apt. 580,SA,5255,Female,354463
Miranda Campbell,83166 Dorothy Mount,VIC,3858,Female,1451316
Johnny Martinez,1753 Dwayne Squares,WA,6070,Male,1170896
Gabrielle Brock,61555 Gregory Estates Suite 631,SA,5322,Female,953412
Darlene Neal,660 Ford Lane,SA,5724,Female,895550
Elizabeth Mcdaniel,998 Sanchez Via,VIC,3632,Female,1449891
Kaitlyn Marks DVM,0786 Ashlee Drive,WA,6365,Female,674552
Jaime Soto,032 Denise Forks Apt. 230,SA,5291,Female,762460
Shannon Harrington,38719 Robin Row,QLD,4705,Female,1435529
Sharon Byrd,26094 Justin Lakes Suite 540,VIC,3889,Undisclosed,1032559
Cheryl Delgado,80047 Johnson Extensions,VIC,3169,Female,846089
Nicole Horne,69786 Jeffrey Glens,VIC,3485,Female,1352542
Ashley Watkins,8359 Frederick Path Apt. 600,VIC,3278,Female,1457651
Zachary Ross,492 Adams Green Suite 420,NSW,2833,Male,352936
Travis Rogers,8670 Garza Landing Apt. 568,WA,6326,Male,402797
Brenda Thompson,90382 Eric Track,WA,6463,Female,1139159
Joe Smith,2012 Brandi Plaza,NSW,2681,Male,182091
April Gonzalez,70247 Smith Creek,NSW,2805,Female,205293
Johnathan Leonard,217 Ball Hollow Suite 360,QLD,4310,Male,1062930
Michael Smith,256 Jessica Glen Suite 972,NSW,2126,Male,596190
Joshua Carr,2867 Williams Common Apt. 364,QLD,4876,Male,1122611
Jeremy Munoz,994 Steven Junctions Suite 373,VIC,8069,Male,741309
Janet Guerrero,412 Becky Ramp Apt. 759,NSW,2779,Female,299333
Alexander Lewis,615 Jessica Fort,VIC,3990,Undisclosed,508130
Dan Obrien,6237 Williams Mountain,NSW,2353,Male,80253
Ronald Olson,5126 Brandon Club Apt. 612,NSW,2776,Male,1131424
Thomas Gomez,34696 Martin Squares,NSW,2406,Male,363538
Vickie Wheeler,60680 Phillips Crest,WA,6722,Undisclosed,1234164
Laura Baker,212 Ramirez Way Suite 739,QLD,4699,Female,408744
Amanda Hawkins,8157 Thomas Street,NSW,1655,Female,1363514
Caitlyn Oliver,8057 Douglas Lodge Suite 744,VIC,3658,Undisclosed,1339828
Anna Sutton,225 Reyes Mountain Suite 785,VIC,3026,Female,905877
Miss Tracy Giles DVM,10403 Tyler Glens,TAS,7320,Female,718154
Karen Ward,35416 Caldwell Ranch Apt. 454,QLD,4107,Female,1171661
Kaylee Whitehead PhD,12359 Janice Shoal,SA,5121,Female,1225082
Jacqueline Thomas,671 Lewis Rapid Apt. 353,WA,6466,Undisclosed,46534
Kelly Lucas,960 Daniel Loop Apt. 382,WA,6180,Female,114453
Catherine Myers,7109 Johnson Divide Apt. 202,WA,6026,Female,576208
Vincent Fuller,834 Kenneth Burg,SA,5158,Male,200975
Richard Love,393 Garcia Islands,WA,6713,Male,1013835
Adrian Phillips,3847 Sandoval Meadow Suite 597,WA,6476,Male,487358
John Golden,0004 Roberto Spur Apt. 263,VIC,3150,Male,857765
Renee Rich,3397 Laura Mountain Apt. 945,SA,5240,Female,952085
Jo Robinson,516 Schroeder Lights Apt. 062,VIC,3050,Female,845414
Shawn Brown,4285 Clark Harbor,NSW,1150,Male,710137
Richard Watkins,190 William Ramp Suite 156,VIC,3004,Male,352447
Matthew Smith,4427 Julia Shoals Suite 400,NSW,2258,Male,30105
Brian Casey,555 Charles Grove,QLD,4034,Male,456081
Gina Nelson,21618 Stephanie Keys,QLD,4161,Female,1085990
Jeremy Gardner,91845 Bryan Rapids,NSW,1655,Male,1303599
Anthony Duran,050 Matthew Bridge,WA,6070,Male,907985
Lisa Manning,882 Graves Cove Suite 170,NSW,2344,Female,760274
Jason Shaw,301 Townsend Crossing,WA,6176,Undisclosed,1472216
Deanna Wilkerson,672 West Spurs Suite 572,NSW,1043,Female,1039133
Brandon Gallegos,30923 Fox Highway Apt. 369,NSW,2016,Male,779840
April Mayer,20231 Andrea Causeway Apt. 739,SA,5277,Female,69424
Dorothy Flores,9479 Larry Pine Suite 547,QLD,4184,Female,1156417
Colleen Hampton,79873 Pamela Mountain Suite 342,NSW,2079,Female,663334
Courtney Daniels,55833 Danielle Forks,NSW,1181,Female,807173
Veronica Washington,0496 Villanueva Alley Apt. 862,WA,6571,Female,619628
Thomas Atkinson,21296 Roach Curve,WA,6751,Male,199913
Samantha Gregory,417 Smith Overpass,NSW,2345,Female,342719
David Miller DDS,48732 Evans Common Suite 282,VIC,3375,Male,898768
Micheal Ryan,9622 Patricia Court,NSW,2335,Male,237021
Edward Miller,0333 Ferguson Hills Apt. 864,VIC,3688,Male,1004041
Angela Murray,0299 Fuller Extension,NSW,2370,Female,1062030
Bryan Gibson,834 Sabrina Valley Apt. 003,WA,6126,Male,1228328
Heather Pruitt,325 Heather Avenue,VIC,3064,Female,389145
Ariel Black,973 Jones Key,NT,881,Female,868743
Andrea Reeves,4426 George Island,WA,6254,Female,1008851
Jaclyn Sheppard,438 Veronica Avenue,NSW,2115,Female,882358
Alejandro Hancock,4213 Webb Bridge,VIC,3732,Male,108977
Kelly Ray,4966 Megan Radial,VIC,3221,Female,43244
Courtney Rodriguez,780 Victoria Highway Suite 533,QLD,4865,Female,1208088
Melissa Huff,8938 Samantha Union,NSW,1781,Female,1420140
Lindsey Robinson,01050 Alvarez Mall,SA,5023,Undisclosed,1275750
Ricardo Vincent,753 Sawyer Gardens,TAS,7263,Undisclosed,990410
Megan Grimes,916 Kelley Mills,VIC,3988,Undisclosed,1325140
Kenneth Gonzalez,352 Timothy Run,QLD,4720,Male,902570
Heather Santana,1194 Byrd Curve,NSW,1221,Female,836135
Kevin Glass,36145 Watson Islands,VIC,3388,Male,466683
Andrew Webb,80810 Kathleen Ford Suite 896,QLD,4572,Male,1029771
Brittany Terry,724 Jennifer Club Suite 307,SA,5173,Female,792936
Troy Friedman,90715 Savannah Ridges Apt. 665,VIC,3134,Male,357912
Brittany Hart,055 Jerome Ports Apt. 780,WA,6170,Female,1190023
Shelly Richardson,8595 Young Fort Apt. 331,SA,5341,Female,706223
Brenda Rosario,21078 Debra Trail Apt. 330,NSW,2777,Female,297418
Victoria Butler,53994 Juan Underpass Suite 767,TAS,7276,Female,1119446
Todd Sullivan,85458 Nathan Rapids Apt. 543,SA,5170,Male,1328861
Nicole Nelson,997 Caitlin Track,QLD,4620,Female,515317
Tammy Carter,0587 David Roads Apt. 972,VIC,3764,Female,1049670
Kenneth White,9682 Taylor Inlet Apt. 442,VIC,3675,Male,828747
Jessica Garcia,2463 Cohen Meadows,QLD,4355,Female,919290
Darrell Garcia,201 Eric Cove Apt. 277,WA,6630,Male,990401
Ryan Hayden,1594 Davis Springs,QLD,4103,Male,1491219
Maria Franco,926 James Fields,NSW,2250,Female,256799
Rebecca Brooks,68497 Sanchez Port Apt. 772,NSW,2852,Female,374020
Debra Wheeler,6428 Ashlee Village Apt. 124,VIC,3967,Female,512970
Mrs. Julie Warner,47118 Garcia Orchard Suite 684,QLD,4341,Female,961054
Teresa Richardson,801 Sandra Crescent Apt. 207,NSW,1885,Female,914639
Mr. Christopher Thomas DDS,89047 Massey Meadow Suite 778,NSW,2423,Male,1168452
Ernest George,69755 Christy Orchard Apt. 713,NSW,2399,Male,1352794
Mark Hanson,32823 Huang Glens Suite 891,NT,836,Male,694236
Matthew Golden,530 Guerrero Keys Suite 196,QLD,4161,Male,1339670
Colleen Rowe,46641 Kenneth Branch,QLD,4487,Female,92957
James Mcdaniel,198 Bennett Well,NSW,2046,Undisclosed,2456
Brandon Costa,539 Lyons Mountain Suite 847,NSW,2826,Male,268198
Olivia Jones,84645 Meadows Street Apt. 547,VIC,3939,Female,1037288
Brian Ibarra,15127 Jenna Stream,VIC,3186,Male,635245
Ernest Perez,68267 Little Plains Apt. 316,QLD,4610,Male,440045
Stephen Smith,8820 Melissa Stravenue,NSW,1597,Male,419357
Mary Obrien,5180 William Manor Suite 274,NSW,2727,Female,1323456
Ashley Delacruz,8865 Martinez Roads Suite 039,VIC,3234,Female,1216279
Dawn Meza,84428 Alexander Haven Suite 838,TAS,7259,Female,640469
Shari Garcia,4600 Taylor Falls Apt. 066,VIC,3363,Undisclosed,261860
Vanessa Vasquez,2906 Ryan Plain Suite 048,ACT,2616,Female,1343482
Johnny Hill,37784 Scott Mountains Suite 427,SA,5035,Male,247384
Sean King,267 Myers Way,VIC,3268,Male,370599
Tracy Brown,56206 Davila Square,SA,5009,Female,658910
Melanie Scott,0771 Scott Street Suite 863,QLD,4000,Female,211860
Karen Calderon,8566 Ayala Prairie,NSW,2281,Female,642405
Kevin Nelson,1611 Nelson Tunnel Suite 227,WA,6024,Male,1027873
Emily Taylor,95977 Key Orchard,SA,5157,Female,683558
Brian Oliver,496 Donna Haven Suite 648,TAS,7052,Undisclosed,1004755
Mark Powell,3338 Good Ford Apt. 245,QLD,4077,Male,1358292
Sarah Ramirez,230 Ariel Trail,WA,6452,Female,1065891
Jonathan Lynch,571 Johnson Drives,VIC,3058,Male,465196
Nicole Turner,726 Cindy Common,SA,5163,Female,475735
Matthew Anderson,869 Howard Stream,NSW,1195,Male,609805
Nicole Burke,89608 Webb Village,TAS,7304,Female,4401
Regina Butler,02185 Samuel Flats,QLD,4035,Female,1243089
Leslie Williams,31959 Brown Cape,NSW,2768,Female,1303831
Daniel Williams,185 Sarah Route,VIC,3782,Male,984560
Seth Roberts,34625 Benjamin Greens,SA,5290,Male,83433
Shelby Duffy,64891 Mark Place,VIC,3238,Female,1015248
Kathy Mcdonald,989 Nicholas Islands Apt. 154,WA,6223,Female,183527
Kathy Barrera,1713 Robert Prairie Suite 342,VIC,3638,Female,899103
Joshua Hendricks,9414 Jennifer Village Apt. 974,VIC,3021,Undisclosed,1412038
Christopher Morgan,1446 Black Union,VIC,3596,Male,1299177
Jennifer Russell,752 Sawyer Plains Suite 137,QLD,4819,Female,198491
Terry Booth,5944 Miller Mission Apt. 445,VIC,3158,Male,314984
Kenneth Castaneda,59374 Veronica Pine,NSW,1037,Male,511703
Christian Newman,12399 Pratt Crescent,SA,5490,Male,203343
Jasmine Murphy,3513 Traci Keys Suite 410,SA,5238,Female,1275948
Angela Adkins,2648 Eric Causeway,QLD,9464,Female,344490
Katherine House,7146 Harris Mill Apt. 340,VIC,3498,Female,368444
Jacob Lang,892 Eric Walk Suite 591,QLD,4870,Male,767208
Shannon Chambers,6654 Norton Rapid,VIC,3698,Undisclosed,153749
Michelle Dunn,8467 Katie Mountain,QLD,4470,Female,354638
Megan Kidd,5823 Barbara Walk,QLD,4709,Female,765374
Erica Soto,71236 Clark Highway,NSW,2176,Female,172699
William Cole,74383 Morgan Club Suite 596,WA,6214,Male,83142
Scott Garcia,7072 Wagner Ranch,NSW,2747,Male,155758
Shaun Osborn,271 Clark Corner,WA,6902,Male,95803
Jessica Santiago,70944 Shaw Run Apt. 702,QLD,4869,Female,808784
Karen Cannon,747 Erica Islands,SA,5608,Female,18409
Carl Davis,2086 Roger Falls,NSW,1238,Male,553265
Desiree Davis,41683 Frazier Mountains,NT,813,Female,1292504
Justin Lynn,6858 Mckinney Meadows,WA,6961,Male,300626
Kathleen Diaz,1978 Leslie Station,VIC,3153,Female,325451
Danny Sanchez,619 Edward Mission,NSW,2469,Male,820994
Heidi Melendez,7577 Tim Trail,SA,5062,Female,795472
Emily Johnson,6110 Kathy Flats Suite 295,NSW,1422,Female,690662
Jason Thomas,1029 Joseph Ranch Apt. 409,NSW,2798,Male,862247
Pam Collier,256 Sarah Shoals Apt. 894,SA,5419,Female,1450579
Shane Jones,37825 Cheryl Orchard,NSW,1146,Male,1384628
Andrew Hodge,261 Patrick Alley Apt. 320,SA,5460,Male,1032916
James Garcia,4096 Williams Village,WA,6758,Male,627104
Laura Henderson,226 Combs Mountains Suite 890,WA,6125,Female,296935
Abigail Gonzalez,9997 Holly Estate,QLD,4178,Female,234721
Kelli Clark,50793 Jessica Lane,VIC,3912,Female,265330
Donna Snyder,990 Kelly Turnpike,QLD,4741,Female,364687
Michaela Davis,371 Tammy Forge,WA,6326,Female,893124
Veronica Ellis,844 Nguyen Shoals,NSW,1515,Female,1249017
Kelly Henry,7879 Olson Point,VIC,3420,Female,350035
Brian Wilkerson,67389 Edwards Mount,NSW,2833,Male,396796
Stacey Gross,703 Gomez Mountain Apt. 890,NSW,1101,Female,1379365
Amanda Miller,5704 Drake Ranch,VIC,3435,Undisclosed,962633
Ashley Weber,10723 Mcmahon Drive,NSW,1590,Female,1187816
Kevin Alexander,017 Lori Forks Apt. 577,QLD,4425,Male,24917
Angela Lopez,052 Cantrell Corners,VIC,3453,Female,1104219
James Barnes,36694 David Bridge Suite 806,NSW,2380,Undisclosed,352393
Vincent Guerra,3854 Thompson Gardens,VIC,3733,Male,694789
Wesley Green,712 Lynch Walks Suite 618,VIC,3903,Male,1450391
Russell Jackson,520 Brooke Turnpike Suite 063,SA,5556,Male,739480
Kim Sherman,09449 Carla Glens Apt. 156,SA,5540,Female,741798
Jesse York,271 Cynthia Hill Suite 521,SA,5583,Male,686289
Jamie Ryan,4633 Christina Village Suite 519,NSW,2163,Male,298111
Justin Thompson,71779 Denise Fords Suite 039,SA,5632,Male,1383015
Michael Wilson,53980 Pamela Ridge Apt. 004,NSW,1007,Male,728306
Mark Hubbard,79980 Molina Mission Apt. 507,VIC,3063,Undisclosed,744938
Mr. Richard Sandoval,9764 Jackson Harbors,NSW,2233,Male,524286
Thomas Klein,99498 Jacobs Underpass,VIC,3446,Male,583031
Gregory Palmer,478 Daniel Branch,VIC,3525,Male,682216
Kevin Hall,980 Jackson Glens,VIC,3272,Male,1448647
Bonnie Williams,9830 Smith Square Suite 679,VIC,3040,Female,632981
John Compton,897 Bradley Centers,NSW,2365,Undisclosed,150644
Kristen Robinson,5305 Baldwin Green Suite 850,QLD,4066,Undisclosed,1123709
Richard Cox,4152 Jose Lodge,NSW,2259,Male,980540
Regina Lynch,003 Blackburn Place Suite 348,VIC,3572,Female,388817
Miss Cynthia Barrett,63337 Powell Turnpike,VIC,3620,Female,907866
Jade Lee,21629 Lisa Valley,VIC,3518,Female,321174
Joshua Dean,471 Garcia Street Suite 284,QLD,4849,Male,1477640
Patrick Ruiz,030 David Points,SA,5280,Male,235995
Taylor Roberts,560 Ferguson Island,VIC,3971,Female,4418
William Lee,8886 Taylor Vista,VIC,3450,Male,1203880
Samantha Mcmillan,064 Ashley Islands,NSW,1028,Female,1384851
Amber Johnson,926 Robert Turnpike Apt. 563,NSW,2077,Female,1274262
Curtis Valdez,683 James Freeway Suite 243,QLD,4109,Male,267138
Tina Walls,517 Jonathan Square Apt. 232,SA,5434,Female,1016136
Sean Carrillo,926 Hunt Shoals,SA,5170,Undisclosed,1212765
Ashley Orr,3927 Torres Park Suite 945,VIC,3432,Female,196125
Michelle Davenport,93933 William Circles,VIC,3670,Female,214804
Donna Kelly,77516 Karen Lakes Suite 241,SA,5088,Female,320556
Edward Alvarado,50851 Clarke Branch,SA,5540,Male,458345
Patricia Graves,5657 Walters Freeway Suite 519,WA,6429,Female,482906
Anne Myers,08718 Walker Fork Suite 805,VIC,3717,Female,887464
Karen Cox,22715 Ramirez Port,WA,6720,Female,79803
Juan Scott,231 Anthony Hill,NT,840,Undisclosed,1456505
Kevin Villarreal,1788 Austin Islands,QLD,4756,Male,526826
Dawn Lopez,87746 Janice Grove Apt. 930,QLD,4481,Female,1471906
David Berry,26004 Michelle Parks Apt. 456,TAS,7212,Male,735625
Shawn Harrison,686 Lewis Branch Apt. 786,QLD,4360,Male,988792
Todd Ball,720 Chandler Lakes,VIC,3170,Male,33754
Selena Wilson,5548 Cheryl Groves Suite 260,WA,6070,Female,684965
Andrew Vasquez,4972 Sean Shoal Apt. 901,WA,6521,Male,851510
Brittany Mccoy,580 Katherine Lights Suite 935,NSW,1224,Female,622413
Zachary Cordova,73852 Andrew Lights,SA,5075,Male,821614
Deborah Moore,6206 Jackson Forges,NSW,2665,Undisclosed,159425
Samantha Williams,85063 Michelle Streets Apt. 382,QLD,4626,Female,943936
Katherine Bauer,601 Sullivan Land Apt. 973,QLD,4036,Female,1392459
Tara Oneal,49801 Cynthia Place Suite 830,VIC,3207,Female,40306
Joseph Tran,63730 Sean Causeway,VIC,3090,Male,177186
Jeremy Beck,069 James Motorway,VIC,3621,Male,581869
Janet Wilson,199 Michael Estate Apt. 305,NSW,2427,Female,1389312
Frank Blair,1512 Dana Forges,VIC,3352,Male,1166943
Christopher Smith MD,09340 Joseph Lakes Apt. 539,TAS,7000,Male,1378655
John Bailey,1097 Chad Island,NSW,1201,Male,1325194
Jason Acosta,94923 Sean Ports,QLD,4025,Male,637054
Ryan Moore,98814 Lamb Stream,WA,6620,Male,1233743
Stacy Barron,2816 Thomas Spring,NSW,2306,Female,303596
Emma Harris,85941 Jennifer Unions Apt. 723,QLD,4404,Female,115064
Eric Taylor,13460 Williams Spring Suite 037,QLD,4314,Male,1132863
Erika Smith,8496 Gina Camp Apt. 593,VIC,3945,Female,732841
Reginald Jones,6577 Stephens Fields Suite 586,VIC,3190,Male,582310
Patrick Bryan,66247 Turner Pines Suite 699,QLD,4849,Undisclosed,1464588
Matthew Jackson,97175 Liu Expressway,VIC,3160,Male,407160
Cory Lewis MD,71458 Lisa Cliffs Suite 269,VIC,3444,Male,59175
Mr. Paul Rodriguez,8360 Stephanie Junctions Suite 880,NSW,2846,Male,1029959
Francisco Carter,579 Robert Track Apt. 831,VIC,3267,Undisclosed,345814
David Day,5223 Smith Greens Apt. 474,WA,6951,Male,500783
James Brown,8041 Shannon Springs,NSW,2207,Male,198181
Victor Smith,10579 Sara Locks,VIC,3724,Male,1009640
Nicole Phillips,8096 Kathryn Lakes Apt. 146,VIC,3724,Undisclosed,1307667
Donald Nunez,84814 Foster Station Suite 961,VIC,3757,Male,554591
Taylor Oliver,785 Shelley Stream,VIC,3030,Female,311459
Michelle Alexander,256 Richard Forges Suite 281,WA,6931,Female,653978
Maria Kim,74150 Diana Drive Suite 847,VIC,3171,Female,1492161
Jacqueline Hunter,3303 Williams Islands Suite 572,SA,5051,Female,78282
Peter Stewart,15808 Richard Greens Suite 988,VIC,3599,Male,1394791
Allison Gardner,7079 Conway Hill Suite 885,VIC,3943,Female,257780
Susan Barnett,73133 Timothy Village Apt. 537,VIC,3105,Female,204583
William Lam,904 Delgado Drive,NT,862,Male,1195304
Chelsea Porter,207 Cruz Heights,NSW,2221,Female,808836
Daniel Anderson,88347 Derek Trail,TAS,7175,Male,1228473
Megan King,683 Lynn Groves Suite 175,QLD,4566,Female,150073
Rodney King,4276 Bowen Shore,QLD,4859,Male,453180
Erica Mckinney,00135 Charles Orchard,NSW,2147,Female,360847
Vanessa Conner,60544 Miller Road Suite 743,NSW,1178,Female,1209347
John Spencer,94845 Wilson Tunnel,NSW,2390,Male,1240890
Kimberly Farley,07364 Pacheco Underpass Apt. 040,NSW,2455,Female,33085
Spencer Goodwin,319 Dustin Neck,SA,5245,Male,650616
Melanie Moss,569 Jackson Inlet Apt. 376,WA,6562,Female,8108
Donald Noble,160 Rivera Unions,QLD,4568,Male,443137
Donna Phillips,1070 Theresa Points,VIC,3805,Female,711723
Charles Mckenzie,3855 Estrada Highway Suite 397,VIC,3116,Male,317388
Martin Pugh,29578 Long Fields,VIC,3396,Male,946156
Brian Little,900 Mary Islands,VIC,3720,Male,305687
John Fowler,9994 Griffith Spring,NSW,2726,Male,940898
Rachel Rojas,67983 Fisher Mission Suite 760,NSW,2633,Female,585018
Trevor King,32456 Walker Fork,QLD,4859,Male,135124
Paul Hardy,38387 Chaney Glen Suite 491,SA,5266,Male,1206034
Sandra Johnston,085 Robert Summit Apt. 186,NSW,1021,Female,705910
Christopher Jackson,72700 Patrick Avenue Suite 408,NSW,2307,Male,868139
Brittany Hayes,81225 Steven Manors Apt. 401,SA,5333,Female,1468547
Jessica Rivera,32538 Taylor Avenue,VIC,3022,Female,389334
Tyler Rodriguez,91931 Alyssa Burg,WA,6163,Male,747502
Lori Reynolds,5159 Justin Trafficway Apt. 970,QLD,4517,Female,1106554
Kimberly James,90087 Wilson Walks Suite 221,QLD,4674,Female,1133912
Gregory Nguyen,1338 Mcfarland Field,WA,6923,Male,934303
Susan Duke,7414 Humphrey Landing Apt. 036,NSW,2091,Female,545777
Claudia Owens,56113 Lauren Mill Apt. 775,NSW,2733,Female,501973
Phillip Rose,4614 Cortez Summit Suite 160,VIC,3671,Male,1288125
Tyler Wyatt,06947 Jessica River Apt. 249,VIC,3275,Male,523544
Ashley Le,346 Smith Spur Apt. 059,VIC,3301,Female,331054
Devin Williams,35504 Jennifer Prairie Apt. 407,NSW,2566,Male,1085468
Robin White,7683 Timothy Keys,NSW,1032,Female,850361
Jeremy Dixon,077 Michelle Lock,QLD,4825,Male,518767
Kyle Figueroa,303 Angel Forks,NSW,2809,Male,1469283
Collin Fletcher,1319 Paula Extensions,SA,5112,Male,894125
James Berry,532 Nicholas Pass Apt. 120,VIC,3964,Male,1241286
Denise Hart,4464 Ryan Grove,VIC,3319,Female,986479
Mr. Aaron Chavez,8158 Smith Curve,NSW,2846,Male,421891
Michael Perry,91334 Mark Manors Apt. 958,WA,6285,Male,169730
Jessica Meyers,81341 Rodriguez Street Suite 261,VIC,3660,Female,629675
Clayton Warren,2640 Jackson Brooks Apt. 412,NSW,1219,Male,982598
Carrie Miller,7460 Blair Shoals Suite 328,VIC,3048,Female,340044
Valerie Morgan,40136 William Trail Apt. 946,NSW,2346,Female,737036
Erin Moses,7720 Jamie Brook,NSW,2485,Female,1090
Kathleen Allen,3230 Tammy Lake,QLD,4882,Female,1421704
Rhonda Wallace,32260 Raymond Throughway Apt. 688,NSW,2110,Female,1262257
Lauren Collins,802 Andrew River Apt. 580,VIC,3567,Female,1176442
Lisa Hernandez,48658 Stephen Walks,NSW,2450,Female,1058333
Ms. Lauren Peterson,871 Thomas Run,SA,5174,Female,723011
Tara Colon,502 Brown Gateway Suite 241,VIC,3388,Female,925076
Samantha Schneider,467 Mahoney Loop,SA,5332,Undisclosed,782918
Dylan Jimenez,3380 Leon Shoal,VIC,3766,Male,1158459
Amy Murray,27223 Amber Harbors Suite 397,VIC,3005,Female,204108
Stephanie Frost,8543 Kim Throughway,TAS,7053,Female,969447
Sean Franco,6315 Anna Extension,QLD,4222,Male,896944
Christy Fisher,69067 Galvan Keys,VIC,3413,Female,521146
Jennifer Padilla,9753 Austin Ridges,VIC,3646,Female,776431
Kimberly Stokes,608 Cynthia Station Apt. 352,SA,5020,Female,281693
Wesley Walton,51024 Tran Trafficway Suite 745,VIC,3950,Male,97657
Samantha Daniels,52791 Carter Terrace Apt. 399,WA,6369,Female,425318
Leah Randall,5203 Fowler Cliff,TAS,7023,Undisclosed,115118
Erica Thompson,5447 John Islands,NSW,2825,Female,486863
Alan Jones,5746 Nicole Mountains,WA,6502,Male,1256437
Wendy Taylor,91276 Aaron Burg,VIC,3448,Female,758787
Joshua Ochoa,1243 Jonathan Inlet Suite 385,WA,6760,Undisclosed,1196524
John Henderson,4579 Donald Run Apt. 033,SA,5138,Male,767752
Kenneth Harvey,8599 Brown Grove Apt. 763,VIC,3239,Male,1121137
Dennis Singleton,417 Edward Prairie,SA,5701,Male,1010262
Steven Wolf,36199 Kevin Point Apt. 699,TAS,7184,Male,608502
Mark Graham,0794 Elizabeth Harbor Apt. 950,VIC,3136,Male,597347
Tyler Sherman,150 Amanda Stravenue,SA,5421,Male,1463238
Brenda Williams,2346 Diaz Harbor Suite 882,VIC,3418,Female,649405
Paula Vega,4025 Cortez Hills,SA,5839,Female,974186
Rebecca Campbell,0834 Hess Village,NSW,2844,Female,695789
Robert Braun,454 Stevens Circle,SA,5360,Male,321808
Robert Gardner,021 Catherine Locks Apt. 952,VIC,3573,Male,319814
Samantha Hayes,596 Burgess Ranch Suite 298,QLD,4480,Female,927750
David Pena,88898 Amanda Track,VIC,3294,Male,1307776
Emily Perez,7968 Watson Streets Suite 993,TAS,7163,Female,629767
Ann Richards,39519 Allen Road,NSW,2165,Female,1016803
Kayla Whitehead,3752 Gross Courts Apt. 445,NSW,2799,Female,134967
Alexandria Howell,70421 Karen Meadow,WA,6170,Female,563737
Wendy Jones,2595 Nicholas Villages,QLD,4184,Female,807955
Tony Garcia,91748 Swanson Meadows,NSW,1184,Male,262994
Debra Ramos,1867 Hernandez Mountain Suite 250,NSW,2052,Female,913175
Craig Rocha,04198 Jonathan Parkway,NSW,1730,Male,1196378
Alex Thomas,481 Greene Gateway,WA,6906,Male,644726
Donna Chambers,24335 Young Lodge Suite 513,WA,6420,Female,1319358
Jill Jennings,0281 Scott Mountains,WA,6606,Female,32720
Bradley Cross,9123 Smith Throughway,QLD,4060,Male,103014
Susan Smith,462 Crystal Ranch Suite 846,NSW,1194,Female,906401
Mitchell Walker,512 Anderson Orchard Apt. 053,NSW,2126,Male,897905
Kurt Patterson,6864 Williams Springs Apt. 346,SA,5275,Male,498953
Jason Smith,582 William Shore,WA,6984,Male,536412
Kristy Kelly,9709 Spencer Springs Apt. 133,QLD,4301,Female,536728
Paul Jones,28199 Johnson Rapid,NT,839,Undisclosed,349412
Andrew Patrick,253 Natasha Club Suite 216,QLD,4554,Male,749674
Lisa Nguyen,930 Chelsea Stravenue,TAS,7006,Female,405002
Ronald Foster,940 Scott Mountain,NSW,2065,Male,1268261
Stephen Perez,16944 William Lakes,VIC,3573,Male,771325
Clifford Cohen,52758 Lawson Haven,QLD,4552,Male,613429
Paul Edwards Jr.,909 Castro Isle Suite 944,TAS,7006,Male,1373559
Heather Rasmussen,649 Rodriguez Plaza Apt. 492,NSW,2804,Female,892899
Robert Forbes,644 Gregory Track Suite 773,WA,6865,Male,1178364
Patricia Molina,9779 Melissa Plain Suite 075,QLD,4478,Female,1104831
Autumn Patrick,0586 Lopez Ports,NSW,2712,Female,1420588
Evan Bennett,6982 Kevin Loop,VIC,3060,Undisclosed,613723
Kimberly Rush,777 Anderson Mills,QLD,4207,Undisclosed,865267
Betty Scott,2865 Jones Tunnel,VIC,3031,Female,153319
Robert Mercer,685 Jared Trafficway Suite 484,SA,5167,Male,1139243
Scott Stafford,165 Strickland Island Apt. 199,TAS,7468,Undisclosed,87429
Alexis Cain,88330 Andrew Lakes,VIC,3724,Female,1402339
Nicole Burnett,5781 Alexander Orchard Suite 538,VIC,3665,Female,571647
Gregory Smith,11756 Peterson Shores,VIC,3951,Male,525392
Joseph Gutierrez,0741 Odonnell Vista,SA,5171,Male,1069069
Joseph Drake,111 Reed Forks,WA,6613,Male,309067
Douglas Johnson,23582 Hill Hollow,QLD,4037,Undisclosed,46917
Jessica Avila,508 Miranda Overpass Apt. 218,QLD,4400,Female,1385608
Steven Thornton,7913 Schwartz Mission Suite 483,VIC,3097,Undisclosed,1466964
Christy Smith,5681 Zachary Mountain Apt. 060,NSW,2756,Undisclosed,1253484
Donna Sutton,54140 Jacob Point,VIC,3989,Female,175005
Hannah Wilkins,61055 Long Valley,NSW,1755,Female,746835
